601;0;2014-04-18 22:38:32;7001;1397860712;FRA;AMS;Luchthaven Schiphol;NL
601;0;2014-04-18 22:38:32;7001;1397860712;FRA;AMS;Luchthaven Schiphol;NL
601;0;2014-04-18 22:38:32;7001;1397860712;FRA;AMS;Luchthaven Schiphol;NL
601;0;2014-04-18 22:38:37;7001;1397860717;FRA;AMS;Luchthaven Schiphol;NL
601;0;2014-04-18 22:38:53;7001;1397860733;FRA;AMS;Luchthaven Schiphol;NL
601;0;2014-04-18 22:40:21;7001;1397860821;FRA;AMS;Luchthaven Schiphol;NL
601;0;2014-04-18 22:46:44;7001;1397861204;FRA;AMS;Luchthaven Schiphol;NL
601;0;2014-04-18 22:52:37;7001;1397861557;FRA;AMS;Luchthaven Schiphol;NL
601;0;2014-04-18 22:55:22;7001;1397861722;FRA;AMS;Luchthaven Schiphol;NL
601;0;2014-04-18 22:59:44;7001;1397861984;FRA;AMS;Luchthaven Schiphol;NL
601;0;2014-04-18 23:01:38;7001;1397862098;FRA;AMS;Luchthaven Schiphol;NL
601;0;2014-04-18 23:01:39;7001;1397862099;FRA;AMS;Luchthaven Schiphol;NL
601;0;2014-04-18 23:01:39;7001;1397862099;FRA;AMS;Luchthaven Schiphol;NL
601;86;2014-04-18 23:07:27;7001;1397862447;FRA;AMS;Luchthaven Schiphol;NL
601;86;2014-04-18 23:12:30;7001;1397862750;FRA;AMS;UNK;UNK
601;86;2014-04-18 23:27:36;7001;1397863656;FRA;AMS;UNK;UNK
601;86;2014-04-18 23:32:39;7001;1397863959;FRA;AMS;UNK;UNK
601;86;2014-04-18 23:37:41;7001;1397864261;FRA;AMS;UNK;UNK
601;86;2014-04-18 23:42:44;7001;1397864564;FRA;AMS;UNK;UNK
601;86;2014-04-18 23:47:46;7001;1397864866;FRA;AMS;UNK;UNK
601;86;2014-04-18 23:52:48;7001;1397865168;FRA;AMS;UNK;UNK
601;86;2014-04-18 23:52:48;7001;1397865168;FRA;AMS;UNK;UNK
601;86;2014-04-18 23:57:51;7001;1397865471;FRA;AMS;UNK;UNK
601;86;2014-04-18 23:59:10;7001;1397865550;FRA;AMS;UNK;UNK
601;86;2014-04-19 00:09:14;7001;1397866154;FRA;AMS;UNK;UNK
601;86;2014-04-19 00:14:19;7001;1397866459;FRA;AMS;UNK;UNK
601;86;2014-04-19 00:19:21;7001;1397866761;FRA;AMS;UNK;UNK
601;86;2014-04-19 00:24:22;7001;1397867062;FRA;AMS;UNK;UNK
601;86;2014-04-19 00:29:25;7001;1397867365;FRA;AMS;UNK;UNK
601;86;2014-04-19 00:34:28;7001;1397867668;FRA;AMS;UNK;UNK
601;86;2014-04-19 00:39:30;7001;1397867970;FRA;AMS;UNK;UNK
601;86;2014-04-19 00:44:32;7001;1397868272;FRA;AMS;UNK;UNK
601;86;2014-04-19 00:49:36;7001;1397868576;FRA;AMS;UNK;UNK
601;86;2014-04-19 00:54:38;7001;1397868878;FRA;AMS;UNK;UNK
601;86;2014-04-19 00:59:40;7001;1397869180;FRA;AMS;UNK;UNK
601;86;2014-04-19 01:04:42;7001;1397869482;FRA;AMS;UNK;UNK
601;86;2014-04-19 01:09:44;7001;1397869784;FRA;AMS;UNK;UNK
601;86;2014-04-19 01:19:50;7001;1397870390;FRA;AMS;UNK;UNK
601;86;2014-04-19 01:24:52;7001;1397870692;FRA;AMS;UNK;UNK
601;78;2014-04-19 01:29:55;7001;1397870995;FRA;AMS;UNK;UNK
601;52;2014-04-19 01:34:56;7001;1397871296;FRA;AMS;UNK;UNK
601;44;2014-04-19 01:35:21;7001;1397871321;FRA;AMS;UNK;UNK
601;44;2014-04-19 01:35:21;7001;1397871321;FRA;AMS;UNK;UNK
601;26;2014-04-19 01:40:04;7001;1397871604;FRA;AMS;UNK;UNK
601;6;2014-04-19 01:40:38;7001;1397871638;FRA;AMS;UNK;UNK
601;0;2014-04-19 01:43:19;7001;1397871799;FRA;AMS;UNK;UNK
601;0;2014-04-19 01:43:19;7001;1397871799;FRA;AMS;Swalmen;NL
601;0;2014-04-19 01:43:19;7001;1397871799;FRA;AMS;Swalmen;NL
601;0;2014-04-19 01:45:21;7001;1397871921;FRA;AMS;Swalmen;NL
601;0;2014-04-19 02:00:19;7001;1397872819;FRA;AMS;Swalmen;NL
601;0;2014-04-19 02:01:28;7001;1397872888;FRA;AMS;Swalmen;NL
601;0;2014-04-19 02:05:02;7001;1397873102;FRA;AMS;Swalmen;NL
601;0;2014-04-19 02:05:11;7001;1397873111;FRA;AMS;Swalmen;NL
601;0;2014-04-19 02:06:58;7001;1397873218;FRA;AMS;Swalmen;NL
601;0;2014-04-19 02:07:09;7001;1397873229;FRA;AMS;Swalmen;NL
601;0;2014-04-19 02:08:29;7001;1397873309;FRA;AMS;Swalmen;NL
601;0;2014-04-19 02:10:09;7001;1397873409;FRA;AMS;Swalmen;NL
601;0;2014-04-19 02:11:08;7001;1397873468;FRA;AMS;Swalmen;NL
601;0;2014-04-19 02:26:10;7001;1397874370;FRA;AMS;Swalmen;NL
601;0;2014-04-19 02:41:11;7001;1397875271;FRA;AMS;Swalmen;NL
601;0;2014-04-19 02:53:27;7001;1397876007;FRA;AMS;Swalmen;NL
601;0;2014-04-19 02:55:05;7001;1397876105;FRA;AMS;Swalmen;NL
601;0;2014-04-19 02:55:23;7001;1397876123;FRA;AMS;Swalmen;NL
601;0;2014-04-19 03:10:24;7001;1397877024;FRA;AMS;Swalmen;NL
601;0;2014-04-19 03:10:24;7001;1397877024;FRA;AMS;Swalmen;NL
601;0;2014-04-19 03:24:00;7001;1397877840;FRA;AMS;Swalmen;NL
601;0;2014-04-19 03:24:56;7001;1397877896;FRA;AMS;Swalmen;NL
601;0;2014-04-19 03:24:56;7001;1397877896;FRA;AMS;Swalmen;NL
601;0;2014-04-19 03:24:56;7001;1397877896;FRA;AMS;Swalmen;NL
601;0;2014-04-19 03:24:58;7001;1397877898;FRA;AMS;Swalmen;NL
601;0;2014-04-19 03:24:59;7001;1397877899;FRA;AMS;Swalmen;NL
601;0;2014-04-19 03:24:59;7001;1397877899;FRA;AMS;Swalmen;NL
601;0;2014-04-19 03:25:06;7001;1397877906;FRA;AMS;Swalmen;NL
601;0;2014-04-19 03:25:08;7001;1397877908;FRA;AMS;Swalmen;NL
601;0;2014-04-19 03:25:08;7001;1397877908;FRA;AMS;Swalmen;NL
601;0;2014-04-19 03:25:08;7001;1397877908;FRA;AMS;Swalmen;NL
601;0;2014-04-19 03:25:11;7001;1397877911;FRA;AMS;Swalmen;NL
601;0;2014-04-19 03:25:11;7001;1397877911;FRA;AMS;Swalmen;NL
601;0;2014-04-19 03:25:11;7001;1397877911;FRA;AMS;Swalmen;NL
601;0;2014-04-19 03:33:47;7001;1397878427;FRA;AMS;Swalmen;NL
601;0;2014-04-19 03:33:47;7001;1397878427;FRA;AMS;Swalmen;NL
601;0;2014-04-19 03:33:47;7001;1397878427;FRA;AMS;Swalmen;NL
601;0;2014-04-19 03:33:47;7001;1397878427;FRA;AMS;Swalmen;NL
601;0;2014-04-19 03:33:55;7001;1397878435;FRA;AMS;Swalmen;NL
601;0;2014-04-19 03:33:56;7001;1397878436;FRA;AMS;Swalmen;NL
601;0;2014-04-19 03:33:56;7001;1397878436;FRA;AMS;Swalmen;NL
601;0;2014-04-19 03:36:13;7001;1397878573;FRA;AMS;Swalmen;NL
601;0;2014-04-19 03:36:13;7001;1397878573;FRA;AMS;Swalmen;NL
601;0;2014-04-19 03:36:47;7001;1397878607;FRA;AMS;UNK;UNK
601;62;2014-04-19 03:40:25;7001;1397878825;FRA;AMS;UNK;UNK
601;86;2014-04-19 03:43:13;7001;1397878993;FRA;AMS;UNK;UNK
601;0;2014-04-19 03:46:27;7001;1397879187;FRA;AMS;Br??ggen;DE
601;0;2014-04-19 03:46:27;7001;1397879187;FRA;AMS;Br??ggen;DE
601;0;2014-04-19 03:46:27;7001;1397879187;FRA;AMS;Br??ggen;DE
601;0;2014-04-19 03:46:27;7001;1397879187;FRA;AMS;Br??ggen;DE
601;0;2014-04-19 03:46:27;7001;1397879187;FRA;AMS;Br??ggen;DE
601;0;2014-04-19 03:46:27;7001;1397879187;FRA;AMS;Br??ggen;DE
601;0;2014-04-19 03:46:52;7001;1397879212;FRA;AMS;Br??ggen;DE
601;0;2014-04-19 03:46:53;7001;1397879213;FRA;AMS;Br??ggen;DE
601;0;2014-04-19 03:46:53;7001;1397879213;FRA;AMS;Br??ggen;DE
601;0;2014-04-19 03:46:53;7001;1397879213;FRA;AMS;Br??ggen;DE
601;0;2014-04-19 03:47:03;7001;1397879223;FRA;AMS;Br??ggen;DE
601;0;2014-04-19 03:47:03;7001;1397879223;FRA;AMS;Br??ggen;DE
601;62;2014-04-19 03:47:22;7001;1397879242;FRA;AMS;UNK;UNK
601;86;2014-04-19 03:58:26;7001;1397879906;FRA;AMS;UNK;UNK
601;86;2014-04-19 04:03:28;7001;1397880208;FRA;AMS;UNK;UNK
601;86;2014-04-19 04:08:33;7001;1397880513;FRA;AMS;UNK;UNK
601;86;2014-04-19 04:13:36;7001;1397880816;FRA;AMS;UNK;UNK
601;86;2014-04-19 04:18:38;7001;1397881118;FRA;AMS;UNK;UNK
601;86;2014-04-19 04:23:40;7001;1397881420;FRA;AMS;UNK;UNK
601;86;2014-04-19 04:28:43;7001;1397881723;FRA;AMS;UNK;UNK
601;86;2014-04-19 04:33:45;7001;1397882025;FRA;AMS;UNK;UNK
601;86;2014-04-19 04:38:48;7001;1397882328;FRA;AMS;UNK;UNK
601;86;2014-04-19 04:43:51;7001;1397882631;FRA;AMS;UNK;UNK
601;86;2014-04-19 04:48:54;7001;1397882934;FRA;AMS;UNK;UNK
601;86;2014-04-19 04:53:57;7001;1397883237;FRA;AMS;UNK;UNK
601;86;2014-04-19 04:59:01;7001;1397883541;FRA;AMS;UNK;UNK
601;86;2014-04-19 05:04:04;7001;1397883844;FRA;AMS;UNK;UNK
601;86;2014-04-19 05:09:06;7001;1397884146;FRA;AMS;UNK;UNK
601;86;2014-04-19 05:14:09;7001;1397884449;FRA;AMS;UNK;UNK
601;72;2014-04-19 05:19:11;7001;1397884751;FRA;AMS;UNK;UNK
601;86;2014-04-19 05:24:23;7001;1397885063;FRA;AMS;UNK;UNK
601;86;2014-04-19 05:29:25;7001;1397885365;FRA;AMS;UNK;UNK
601;82;2014-04-19 05:34:27;7001;1397885667;FRA;AMS;UNK;UNK
601;86;2014-04-19 05:39:30;7001;1397885970;FRA;AMS;UNK;UNK
601;88;2014-04-19 05:44:32;7001;1397886272;FRA;AMS;UNK;UNK
601;86;2014-04-19 05:49:33;7001;1397886573;FRA;AMS;UNK;UNK
601;86;2014-04-19 05:54:35;7001;1397886875;FRA;AMS;UNK;UNK
601;88;2014-04-19 05:59:12;7001;1397887152;FRA;AMS;UNK;UNK
601;86;2014-04-19 05:59:45;7001;1397887185;FRA;AMS;UNK;UNK
601;96;2014-04-19 06:04:49;7001;1397887489;FRA;AMS;UNK;UNK
601;60;2014-04-19 06:09:58;7001;1397887798;FRA;AMS;UNK;UNK
601;84;2014-04-19 06:15:01;7001;1397888101;FRA;AMS;UNK;UNK
601;86;2014-04-19 06:20:03;7001;1397888403;FRA;AMS;UNK;UNK
601;86;2014-04-19 06:25:05;7001;1397888705;FRA;AMS;UNK;UNK
601;80;2014-04-19 06:30:08;7001;1397889008;FRA;AMS;UNK;UNK
601;80;2014-04-19 06:35:10;7001;1397889310;FRA;AMS;UNK;UNK
601;90;2014-04-19 06:40:12;7001;1397889612;FRA;AMS;UNK;UNK
601;86;2014-04-19 06:45:14;7001;1397889914;FRA;AMS;UNK;UNK
601;82;2014-04-19 06:50:17;7001;1397890217;FRA;AMS;UNK;UNK
601;86;2014-04-19 06:55:19;7001;1397890519;FRA;AMS;UNK;UNK
601;40;2014-04-19 07:00:22;7001;1397890822;FRA;AMS;Frankfort aan de Main;DE
601;2;2014-04-19 07:04:52;7001;1397891092;FRA;AMS;Frankfort aan de Main;DE
601;0;2014-04-19 07:09:18;7001;1397891358;FRA;AMS;Frankfort aan de Main;DE
601;0;2014-04-19 07:09:18;7001;1397891358;FRA;AMS;Frankfort aan de Main;DE
601;0;2014-04-19 07:09:18;7001;1397891358;FRA;AMS;Frankfort aan de Main;DE
601;0;2014-04-19 07:10:21;7001;1397891421;FRA;AMS;Frankfort aan de Main;DE
601;0;2014-04-19 07:17:19;7001;1397891839;FRA;AMS;Frankfort aan de Main;DE
601;0;2014-04-19 07:17:53;7001;1397891873;FRA;AMS;Frankfort aan de Main;DE
601;0;2014-04-19 07:20:32;7001;1397892032;FRA;AMS;Frankfort aan de Main;DE
601;0;2014-04-19 07:20:32;7001;1397892032;FRA;AMS;Frankfort aan de Main;DE
601;0;2014-04-19 07:20:32;7001;1397892032;FRA;AMS;Frankfort aan de Main;DE
601;0;2014-04-19 07:20:38;7001;1397892038;FRA;AMS;Frankfort aan de Main;DE
601;0;2014-04-19 07:23:21;7001;1397892201;FRA;AMS;Frankfort aan de Main;DE
601;0;2014-04-19 07:28:19;7001;1397892499;FRA;AMS;Frankfort aan de Main;DE
601;0;2014-04-19 07:28:25;7001;1397892505;FRA;AMS;Frankfort aan de Main;DE
601;0;2014-04-19 07:28:26;7001;1397892506;FRA;AMS;Frankfort aan de Main;DE
601;0;2014-04-19 07:28:26;7001;1397892506;FRA;AMS;Frankfort aan de Main;DE
602;0;2014-04-22 04:21:38;7002;1398140498;FRA;AMS;Luchthaven Schiphol;NL
602;0;2014-04-22 04:21:38;7002;1398140498;FRA;AMS;Luchthaven Schiphol;NL
602;0;2014-04-22 04:21:38;7002;1398140498;FRA;AMS;Luchthaven Schiphol;NL
602;0;2014-04-22 04:23:40;7002;1398140620;FRA;AMS;Luchthaven Schiphol;NL
602;0;2014-04-22 04:24:04;7002;1398140644;FRA;AMS;Luchthaven Schiphol;NL
602;0;2014-04-22 04:24:04;7002;1398140644;FRA;AMS;Luchthaven Schiphol;NL
602;86;2014-04-22 04:36:07;7002;1398141367;FRA;AMS;Luchthaven Schiphol;NL
602;86;2014-04-22 04:36:07;7002;1398141367;FRA;AMS;Luchthaven Schiphol;NL
602;84;2014-04-22 04:41:13;7002;1398141673;FRA;AMS;Luchthaven Schiphol;NL
602;86;2014-04-22 04:46:18;7002;1398141978;FRA;AMS;Luchthaven Schiphol;NL
602;4;2014-04-22 04:48:17;7002;1398142097;FRA;AMS;Luchthaven Schiphol;NL
602;0;2014-04-22 04:48:24;7002;1398142104;FRA;AMS;Luchthaven Schiphol;NL
602;4;2014-04-22 04:51:05;7002;1398142265;FRA;AMS;Luchthaven Schiphol;NL
602;0;2014-04-22 04:51:39;7002;1398142299;FRA;AMS;Luchthaven Schiphol;NL
602;0;2014-04-22 04:52:45;7002;1398142365;FRA;AMS;Luchthaven Schiphol;NL
602;0;2014-04-22 04:55:04;7002;1398142504;FRA;AMS;Luchthaven Schiphol;NL
602;86;2014-04-22 04:56:31;7002;1398142591;FRA;AMS;Luchthaven Schiphol;NL
602;86;2014-04-22 05:01:41;7002;1398142901;FRA;AMS;Luchthaven Schiphol;NL
602;74;2014-04-22 05:06:49;7002;1398143209;FRA;AMS;Luchthaven Schiphol;NL
602;86;2014-04-22 05:11:54;7002;1398143514;FRA;AMS;Luchthaven Schiphol;NL
602;0;2014-04-22 05:16:28;7002;1398143788;FRA;AMS;Luchthaven Schiphol;NL
602;0;2014-04-22 05:16:32;7002;1398143792;FRA;AMS;Luchthaven Schiphol;NL
602;0;2014-04-22 05:16:35;7002;1398143795;FRA;AMS;Luchthaven Schiphol;NL
602;0;2014-04-22 05:16:57;7002;1398143817;FRA;AMS;Luchthaven Schiphol;NL
602;0;2014-04-22 05:16:58;7002;1398143818;FRA;AMS;Luchthaven Schiphol;NL
602;0;2014-04-22 05:16:58;7002;1398143818;FRA;AMS;Luchthaven Schiphol;NL
602;0;2014-04-22 05:21:31;7002;1398144091;FRA;AMS;Luchthaven Schiphol;NL
602;0;2014-04-22 05:22:26;7002;1398144146;FRA;AMS;Luchthaven Schiphol;NL
602;18;2014-04-22 05:22:43;7002;1398144163;FRA;AMS;Luchthaven Schiphol;NL
602;18;2014-04-22 05:22:43;7002;1398144163;FRA;AMS;Luchthaven Schiphol;NL
602;18;2014-04-22 05:23:03;7002;1398144183;FRA;AMS;Luchthaven Schiphol;NL
602;44;2014-04-22 05:25:50;7002;1398144350;FRA;AMS;Luchthaven Schiphol;NL
602;44;2014-04-22 05:25:50;7002;1398144350;FRA;AMS;Luchthaven Schiphol;NL
602;86;2014-04-22 05:27:06;7002;1398144426;FRA;AMS;UNK;UNK
602;82;2014-04-22 05:30:58;7002;1398144658;FRA;AMS;UNK;UNK
602;86;2014-04-22 05:32:12;7002;1398144732;FRA;AMS;UNK;UNK
602;86;2014-04-22 05:37:15;7002;1398145035;FRA;AMS;UNK;UNK
602;84;2014-04-22 05:42:20;7002;1398145340;FRA;AMS;UNK;UNK
602;82;2014-04-22 05:47:27;7002;1398145647;FRA;AMS;UNK;UNK
602;80;2014-04-22 05:52:35;7002;1398145955;FRA;AMS;UNK;UNK
602;82;2014-04-22 05:57:41;7002;1398146261;FRA;AMS;UNK;UNK
602;78;2014-04-22 06:02:03;7002;1398146523;FRA;AMS;UNK;UNK
602;90;2014-04-22 06:07:09;7002;1398146829;FRA;AMS;UNK;UNK
602;90;2014-04-22 06:12:15;7002;1398147135;FRA;AMS;UNK;UNK
602;88;2014-04-22 06:17:19;7002;1398147439;FRA;AMS;UNK;UNK
602;88;2014-04-22 06:21:08;7002;1398147668;FRA;AMS;UNK;UNK
602;88;2014-04-22 06:26:13;7002;1398147973;FRA;AMS;UNK;UNK
602;0;2014-04-22 06:31:17;7002;1398148277;FRA;AMS;Hamminkeln;DE
602;0;2014-04-22 06:32:04;7002;1398148324;FRA;AMS;Hamminkeln;DE
602;0;2014-04-22 06:32:40;7002;1398148360;FRA;AMS;Hamminkeln;DE
602;0;2014-04-22 06:32:40;7002;1398148360;FRA;AMS;Hamminkeln;DE
602;0;2014-04-22 06:34:13;7002;1398148453;FRA;AMS;Hamminkeln;DE
602;0;2014-04-22 06:34:13;7002;1398148453;FRA;AMS;Hamminkeln;DE
602;80;2014-04-22 06:35:05;7002;1398148505;FRA;AMS;UNK;UNK
602;90;2014-04-22 06:40:10;7002;1398148810;FRA;AMS;UNK;UNK
602;90;2014-04-22 06:45:14;7002;1398149114;FRA;AMS;UNK;UNK
602;90;2014-04-22 06:46:06;7002;1398149166;FRA;AMS;UNK;UNK
602;88;2014-04-22 06:49:06;7002;1398149346;FRA;AMS;UNK;UNK
602;90;2014-04-22 06:51:02;7002;1398149462;FRA;AMS;UNK;UNK
602;90;2014-04-22 06:51:11;7002;1398149471;FRA;AMS;UNK;UNK
602;86;2014-04-22 06:52:40;7002;1398149560;FRA;AMS;UNK;UNK
602;90;2014-04-22 06:53:29;7002;1398149609;FRA;AMS;UNK;UNK
602;86;2014-04-22 06:55:25;7002;1398149725;FRA;AMS;UNK;UNK
602;90;2014-04-22 06:56:32;7002;1398149792;FRA;AMS;UNK;UNK
602;90;2014-04-22 06:59:34;7002;1398149974;FRA;AMS;UNK;UNK
602;90;2014-04-22 07:04:42;7002;1398150282;FRA;AMS;UNK;UNK
602;90;2014-04-22 07:09:48;7002;1398150588;FRA;AMS;UNK;UNK
602;88;2014-04-22 07:14:53;7002;1398150893;FRA;AMS;UNK;UNK
602;90;2014-04-22 07:15:24;7002;1398150924;FRA;AMS;UNK;UNK
602;90;2014-04-22 07:18:24;7002;1398151104;FRA;AMS;UNK;UNK
602;90;2014-04-22 07:19:17;7002;1398151157;FRA;AMS;UNK;UNK
602;92;2014-04-22 07:22:17;7002;1398151337;FRA;AMS;UNK;UNK
602;90;2014-04-22 07:25:18;7002;1398151518;FRA;AMS;UNK;UNK
602;90;2014-04-22 07:30:26;7002;1398151826;FRA;AMS;UNK;UNK
602;90;2014-04-22 07:31:06;7002;1398151866;FRA;AMS;UNK;UNK
602;90;2014-04-22 07:34:07;7002;1398152047;FRA;AMS;UNK;UNK
602;90;2014-04-22 07:36:57;7002;1398152217;FRA;AMS;UNK;UNK
602;90;2014-04-22 07:39:57;7002;1398152397;FRA;AMS;UNK;UNK
602;90;2014-04-22 07:45:06;7002;1398152706;FRA;AMS;UNK;UNK
602;90;2014-04-22 07:50:13;7002;1398153013;FRA;AMS;UNK;UNK
602;90;2014-04-22 07:52:17;7002;1398153137;FRA;AMS;UNK;UNK
602;88;2014-04-22 07:55:18;7002;1398153318;FRA;AMS;UNK;UNK
602;86;2014-04-22 08:00:24;7002;1398153624;FRA;AMS;UNK;UNK
602;66;2014-04-22 08:05:31;7002;1398153931;FRA;AMS;UNK;UNK
602;90;2014-04-22 08:08:54;7002;1398154134;FRA;AMS;UNK;UNK
602;86;2014-04-22 08:10:19;7002;1398154219;FRA;AMS;UNK;UNK
602;66;2014-04-22 08:15:25;7002;1398154525;FRA;AMS;UNK;UNK
602;90;2014-04-22 08:16:29;7002;1398154589;FRA;AMS;UNK;UNK
602;86;2014-04-22 08:18:15;7002;1398154695;FRA;AMS;UNK;UNK
602;92;2014-04-22 08:19:06;7002;1398154746;FRA;AMS;UNK;UNK
602;96;2014-04-22 08:19:46;7002;1398154786;FRA;AMS;UNK;UNK
602;86;2014-04-22 08:20:41;7002;1398154841;FRA;AMS;UNK;UNK
602;0;2014-04-22 08:25:14;7002;1398155114;FRA;AMS;Neustadt;DE
602;0;2014-04-22 08:25:14;7002;1398155114;FRA;AMS;Neustadt;DE
602;0;2014-04-22 08:25:15;7002;1398155115;FRA;AMS;Neustadt;DE
602;0;2014-04-22 08:27:04;7002;1398155224;FRA;AMS;Neustadt;DE
602;0;2014-04-22 08:28:07;7002;1398155287;FRA;AMS;Neustadt;DE
602;0;2014-04-22 08:43:10;7002;1398156190;FRA;AMS;Neustadt;DE
602;0;2014-04-22 08:58:13;7002;1398157093;FRA;AMS;Neustadt;DE
602;0;2014-04-22 09:13:16;7002;1398157996;FRA;AMS;Neustadt;DE
602;0;2014-04-22 09:13:16;7002;1398157996;FRA;AMS;Neustadt;DE
602;0;2014-04-22 09:17:51;7002;1398158271;FRA;AMS;Neustadt;DE
602;0;2014-04-22 09:17:59;7002;1398158279;FRA;AMS;Neustadt;DE
602;0;2014-04-22 09:20:18;7002;1398158418;FRA;AMS;Neustadt;DE
602;0;2014-04-22 09:21:43;7002;1398158503;FRA;AMS;Neustadt;DE
602;4;2014-04-22 09:23:20;7002;1398158600;FRA;AMS;Neustadt;DE
602;4;2014-04-22 09:23:20;7002;1398158600;FRA;AMS;Neustadt;DE
602;16;2014-04-22 09:24:05;7002;1398158645;FRA;AMS;Neustadt;DE
602;50;2014-04-22 09:24:24;7002;1398158664;FRA;AMS;Neustadt;DE
602;50;2014-04-22 09:24:25;7002;1398158665;FRA;AMS;Neustadt;DE
602;88;2014-04-22 09:27:58;7002;1398158878;FRA;AMS;UNK;UNK
602;76;2014-04-22 09:28:28;7002;1398158908;FRA;AMS;UNK;UNK
602;90;2014-04-22 09:31:11;7002;1398159071;FRA;AMS;UNK;UNK
602;86;2014-04-22 09:33:10;7002;1398159190;FRA;AMS;UNK;UNK
602;90;2014-04-22 09:34:11;7002;1398159251;FRA;AMS;UNK;UNK
602;92;2014-04-22 09:35:08;7002;1398159308;FRA;AMS;UNK;UNK
602;90;2014-04-22 09:35:23;7002;1398159323;FRA;AMS;UNK;UNK
602;90;2014-04-22 09:35:23;7002;1398159323;FRA;AMS;UNK;UNK
602;90;2014-04-22 09:35:23;7002;1398159323;FRA;AMS;UNK;UNK
602;90;2014-04-22 09:35:23;7002;1398159323;FRA;AMS;UNK;UNK
602;90;2014-04-22 09:35:28;7002;1398159328;FRA;AMS;UNK;UNK
602;90;2014-04-22 09:38:04;7002;1398159484;FRA;AMS;UNK;UNK
602;90;2014-04-22 09:38:09;7002;1398159489;FRA;AMS;UNK;UNK
602;90;2014-04-22 09:38:16;7002;1398159496;FRA;AMS;UNK;UNK
602;88;2014-04-22 09:39:30;7002;1398159570;FRA;AMS;UNK;UNK
602;90;2014-04-22 09:44:35;7002;1398159875;FRA;AMS;UNK;UNK
602;90;2014-04-22 09:46:35;7002;1398159995;FRA;AMS;UNK;UNK
602;90;2014-04-22 09:49:36;7002;1398160176;FRA;AMS;UNK;UNK
602;90;2014-04-22 09:50:38;7002;1398160238;FRA;AMS;UNK;UNK
602;86;2014-04-22 09:52:15;7002;1398160335;FRA;AMS;UNK;UNK
602;90;2014-04-22 09:53:25;7002;1398160405;FRA;AMS;UNK;UNK
602;86;2014-04-22 09:54:42;7002;1398160482;FRA;AMS;UNK;UNK
602;90;2014-04-22 09:56:37;7002;1398160597;FRA;AMS;UNK;UNK
602;86;2014-04-22 09:58:43;7002;1398160723;FRA;AMS;UNK;UNK
602;76;2014-04-22 09:59:05;7002;1398160745;FRA;AMS;UNK;UNK
602;66;2014-04-22 10:02:05;7002;1398160925;FRA;AMS;UNK;UNK
602;90;2014-04-22 10:03:37;7002;1398161017;FRA;AMS;UNK;UNK
602;86;2014-04-22 10:04:06;7002;1398161046;FRA;AMS;UNK;UNK
602;90;2014-04-22 10:04:52;7002;1398161092;FRA;AMS;UNK;UNK
602;86;2014-04-22 10:05:45;7002;1398161145;FRA;AMS;UNK;UNK
602;90;2014-04-22 10:10:05;7002;1398161405;FRA;AMS;UNK;UNK
602;86;2014-04-22 10:10:49;7002;1398161449;FRA;AMS;UNK;UNK
602;90;2014-04-22 10:12:45;7002;1398161565;FRA;AMS;UNK;UNK
602;86;2014-04-22 10:13:10;7002;1398161590;FRA;AMS;UNK;UNK
602;88;2014-04-22 10:18:17;7002;1398161897;FRA;AMS;UNK;UNK
602;90;2014-04-22 10:23:22;7002;1398162202;FRA;AMS;UNK;UNK
602;90;2014-04-22 10:28:29;7002;1398162509;FRA;AMS;UNK;UNK
602;94;2014-04-22 10:32:15;7002;1398162735;FRA;AMS;UNK;UNK
602;90;2014-04-22 10:35:15;7002;1398162915;FRA;AMS;UNK;UNK
602;90;2014-04-22 10:35:31;7002;1398162931;FRA;AMS;UNK;UNK
602;86;2014-04-22 10:37:36;7002;1398163056;FRA;AMS;UNK;UNK
602;90;2014-04-22 10:41:03;7002;1398163263;FRA;AMS;UNK;UNK
602;88;2014-04-22 10:44:03;7002;1398163443;FRA;AMS;UNK;UNK
602;88;2014-04-22 10:49:13;7002;1398163753;FRA;AMS;UNK;UNK
602;86;2014-04-22 10:50:17;7002;1398163817;FRA;AMS;UNK;UNK
602;86;2014-04-22 10:50:17;7002;1398163817;FRA;AMS;UNK;UNK
602;0;2014-04-22 10:55:29;7002;1398164129;FRA;AMS;Frankfort aan de Main;DE
602;0;2014-04-22 10:57:04;7002;1398164224;FRA;AMS;Frankfort aan de Main;DE
602;0;2014-04-22 10:57:44;7002;1398164264;FRA;AMS;Frankfort aan de Main;DE
602;0;2014-04-22 10:57:44;7002;1398164264;FRA;AMS;Frankfort aan de Main;DE
602;0;2014-04-22 10:57:45;7002;1398164265;FRA;AMS;Frankfort aan de Main;DE
602;50;2014-04-22 10:58:21;7002;1398164301;FRA;AMS;Frankfort aan de Main;DE
602;50;2014-04-22 10:58:21;7002;1398164301;FRA;AMS;Frankfort aan de Main;DE
602;0;2014-04-22 11:02:26;7002;1398164546;FRA;AMS;Frankfort aan de Main;DE
602;0;2014-04-22 11:02:26;7002;1398164546;FRA;AMS;Frankfort aan de Main;DE
602;0;2014-04-22 11:02:26;7002;1398164546;FRA;AMS;Frankfort aan de Main;DE
602;0;2014-04-22 11:04:51;7002;1398164691;FRA;AMS;Frankfort aan de Main;DE
602;0;2014-04-22 11:04:55;7002;1398164695;FRA;AMS;Frankfort aan de Main;DE
602;0;2014-04-22 11:04:56;7002;1398164696;FRA;AMS;Frankfort aan de Main;DE
602;0;2014-04-22 11:05:04;7002;1398164704;FRA;AMS;Frankfort aan de Main;DE
602;0;2014-04-22 11:05:05;7002;1398164705;FRA;AMS;Frankfort aan de Main;DE
602;0;2014-04-22 11:05:05;7002;1398164705;FRA;AMS;Frankfort aan de Main;DE
602;0;2014-04-22 11:05:35;7002;1398164735;FRA;AMS;Frankfort aan de Main;DE
602;0;2014-04-22 11:06:13;7002;1398164773;FRA;AMS;Frankfort aan de Main;DE
602;0;2014-04-22 11:06:13;7002;1398164773;FRA;AMS;Frankfort aan de Main;DE
602;0;2014-04-22 11:06:13;7002;1398164773;FRA;AMS;Frankfort aan de Main;DE
602;0;2014-04-22 11:07:36;7002;1398164856;FRA;AMS;Frankfort aan de Main;DE
602;0;2014-04-22 11:07:47;7002;1398164867;FRA;AMS;Frankfort aan de Main;DE
602;0;2014-04-22 11:07:47;7002;1398164867;FRA;AMS;Frankfort aan de Main;DE
602;0;2014-04-22 11:08:53;7002;1398164933;FRA;AMS;Frankfort aan de Main;DE
602;0;2014-04-22 11:08:53;7002;1398164933;FRA;AMS;Frankfort aan de Main;DE
602;0;2014-04-22 11:08:53;7002;1398164933;FRA;AMS;Frankfort aan de Main;DE
602;0;2014-04-22 11:11:03;7002;1398165063;FRA;AMS;Frankfort aan de Main;DE
602;0;2014-04-22 11:15:46;7002;1398165346;FRA;AMS;Frankfort aan de Main;DE
602;0;2014-04-22 11:30:49;7002;1398166249;FRA;AMS;Frankfort aan de Main;DE
602;0;2014-04-22 11:34:08;7002;1398166448;FRA;AMS;Frankfort aan de Main;DE
602;0;2014-04-22 11:34:59;7002;1398166499;FRA;AMS;Frankfort aan de Main;DE
602;20;2014-04-22 11:36:11;7002;1398166571;FRA;AMS;Frankfort aan de Main;DE
602;20;2014-04-22 11:36:11;7002;1398166571;FRA;AMS;Frankfort aan de Main;DE
602;40;2014-04-22 11:36:48;7002;1398166608;FRA;AMS;Frankfort aan de Main;DE
602;40;2014-04-22 11:36:48;7002;1398166608;FRA;AMS;Frankfort aan de Main;DE
602;0;2014-04-22 11:39:49;7002;1398166789;FRA;AMS;Frankfort aan de Main;DE
602;0;2014-04-22 11:39:49;7002;1398166789;FRA;AMS;Frankfort aan de Main;DE
602;0;2014-04-22 11:39:49;7002;1398166789;FRA;AMS;Frankfort aan de Main;DE
602;0;2014-04-22 11:42:03;7002;1398166923;FRA;AMS;Frankfort aan de Main;DE
602;0;2014-04-22 11:42:54;7002;1398166974;FRA;AMS;Frankfort aan de Main;DE
602;0;2014-04-22 11:43:06;7002;1398166986;FRA;AMS;Frankfort aan de Main;DE
602;0;2014-04-22 11:43:53;7002;1398167033;FRA;AMS;Frankfort aan de Main;DE
602;0;2014-04-22 11:56:08;7002;1398167768;FRA;AMS;Frankfort aan de Main;DE
602;0;2014-04-22 11:56:15;7002;1398167775;FRA;AMS;Frankfort aan de Main;DE
602;8;2014-04-22 11:59:20;7002;1398167960;FRA;AMS;Frankfort aan de Main;DE
602;8;2014-04-22 11:59:20;7002;1398167960;FRA;AMS;Frankfort aan de Main;DE
602;0;2014-04-22 11:59:28;7002;1398167968;FRA;AMS;Frankfort aan de Main;DE
602;0;2014-04-22 12:04:31;7002;1398168271;FRA;AMS;Frankfort aan de Main;DE
602;0;2014-04-22 12:05:04;7002;1398168304;FRA;AMS;Frankfort aan de Main;DE
602;0;2014-04-22 12:07:18;7002;1398168438;FRA;AMS;Frankfort aan de Main;DE
602;0;2014-04-22 12:07:18;7002;1398168438;FRA;AMS;Frankfort aan de Main;DE
602;0;2014-04-22 12:11:17;7002;1398168677;FRA;AMS;Frankfort aan de Main;DE
602;0;2014-04-22 12:21:50;7002;1398169310;FRA;AMS;Frankfort aan de Main;DE
602;0;2014-04-22 12:21:50;7002;1398169310;FRA;AMS;Frankfort aan de Main;DE
602;0;2014-04-22 12:24:04;7002;1398169444;FRA;AMS;Frankfort aan de Main;DE
602;0;2014-04-22 12:26:20;7002;1398169580;FRA;AMS;Frankfort aan de Main;DE
602;0;2014-04-22 12:33:45;7002;1398170025;FRA;AMS;Frankfort aan de Main;DE
602;0;2014-04-22 12:33:45;7002;1398170025;FRA;AMS;Frankfort aan de Main;DE
602;0;2014-04-22 12:33:45;7002;1398170025;FRA;AMS;Frankfort aan de Main;DE
602;0;2014-04-22 12:33:52;7002;1398170032;FRA;AMS;Frankfort aan de Main;DE
602;0;2014-04-22 12:33:53;7002;1398170033;FRA;AMS;Frankfort aan de Main;DE
602;0;2014-04-22 12:33:53;7002;1398170033;FRA;AMS;Frankfort aan de Main;DE
603;0;2014-04-22 01:15:49;7003;1398129349;FRA;AMS;Luchthaven Schiphol;NL
603;0;2014-04-22 01:15:49;7003;1398129349;FRA;AMS;Luchthaven Schiphol;NL
603;0;2014-04-22 01:15:49;7003;1398129349;FRA;AMS;Luchthaven Schiphol;NL
603;4;2014-04-22 01:16:26;7003;1398129386;FRA;AMS;Luchthaven Schiphol;NL
603;0;2014-04-22 01:18:52;7003;1398129532;FRA;AMS;Luchthaven Schiphol;NL
603;0;2014-04-22 01:21:23;7003;1398129683;FRA;AMS;Luchthaven Schiphol;NL
603;0;2014-04-22 01:23:23;7003;1398129803;FRA;AMS;Luchthaven Schiphol;NL
603;6;2014-04-22 01:24:25;7003;1398129865;FRA;AMS;Luchthaven Schiphol;NL
603;0;2014-04-22 01:27:26;7003;1398130046;FRA;AMS;Luchthaven Schiphol;NL
603;0;2014-04-22 01:27:33;7003;1398130053;FRA;AMS;Luchthaven Schiphol;NL
603;0;2014-04-22 01:27:33;7003;1398130053;FRA;AMS;Luchthaven Schiphol;NL
603;0;2014-04-22 01:27:33;7003;1398130053;FRA;AMS;Luchthaven Schiphol;NL
603;2;2014-04-22 01:27:38;7003;1398130058;FRA;AMS;Luchthaven Schiphol;NL
603;2;2014-04-22 01:27:38;7003;1398130058;FRA;AMS;Luchthaven Schiphol;NL
603;2;2014-04-22 01:28:06;7003;1398130086;FRA;AMS;Luchthaven Schiphol;NL
603;32;2014-04-22 01:33:22;7003;1398130402;FRA;AMS;Luchthaven Schiphol;NL
603;0;2014-04-22 01:40:29;7003;1398130829;FRA;AMS;Luchthaven Schiphol;NL
603;0;2014-04-22 01:40:29;7003;1398130829;FRA;AMS;Luchthaven Schiphol;NL
603;0;2014-04-22 01:40:32;7003;1398130832;FRA;AMS;Luchthaven Schiphol;NL
603;0;2014-04-22 01:40:32;7003;1398130832;FRA;AMS;Luchthaven Schiphol;NL
603;0;2014-04-22 01:40:39;7003;1398130839;FRA;AMS;Luchthaven Schiphol;NL
603;0;2014-04-22 01:43:26;7003;1398131006;FRA;AMS;Luchthaven Schiphol;NL
603;0;2014-04-22 01:52:10;7003;1398131530;FRA;AMS;Luchthaven Schiphol;NL
603;0;2014-04-22 02:04:24;7003;1398132264;FRA;AMS;Luchthaven Schiphol;NL
603;4;2014-04-22 02:15:19;7003;1398132919;FRA;AMS;Luchthaven Schiphol;NL
603;4;2014-04-22 02:15:43;7003;1398132943;FRA;AMS;Luchthaven Schiphol;NL
603;0;2014-04-22 02:19:25;7003;1398133165;FRA;AMS;Luchthaven Schiphol;NL
603;2;2014-04-22 02:21:20;7003;1398133280;FRA;AMS;Luchthaven Schiphol;NL
603;0;2014-04-22 02:24:26;7003;1398133466;FRA;AMS;Luchthaven Schiphol;NL
603;2;2014-04-22 02:27:37;7003;1398133657;FRA;AMS;Luchthaven Schiphol;NL
603;0;2014-04-22 02:29:31;7003;1398133771;FRA;AMS;Luchthaven Schiphol;NL
603;0;2014-04-22 02:32:26;7003;1398133946;FRA;AMS;Luchthaven Schiphol;NL
603;0;2014-04-22 02:46:36;7003;1398134796;FRA;AMS;Luchthaven Schiphol;NL
603;6;2014-04-22 02:47:01;7003;1398134821;FRA;AMS;Luchthaven Schiphol;NL
603;0;2014-04-22 02:47:32;7003;1398134852;FRA;AMS;Luchthaven Schiphol;NL
603;0;2014-04-22 02:50:26;7003;1398135026;FRA;AMS;Luchthaven Schiphol;NL
603;0;2014-04-22 03:01:12;7003;1398135672;FRA;AMS;Luchthaven Schiphol;NL
603;4;2014-04-22 03:01:40;7003;1398135700;FRA;AMS;Luchthaven Schiphol;NL
603;0;2014-04-22 03:02:24;7003;1398135744;FRA;AMS;Luchthaven Schiphol;NL
603;0;2014-04-22 03:02:30;7003;1398135750;FRA;AMS;Luchthaven Schiphol;NL
603;0;2014-04-22 03:02:30;7003;1398135750;FRA;AMS;Luchthaven Schiphol;NL
603;0;2014-04-22 03:04:26;7003;1398135866;FRA;AMS;Luchthaven Schiphol;NL
603;0;2014-04-22 03:08:44;7003;1398136124;FRA;AMS;Luchthaven Schiphol;NL
603;0;2014-04-22 03:25:11;7003;1398137111;FRA;AMS;Luchthaven Schiphol;NL
603;0;2014-04-22 03:30:05;7003;1398137405;FRA;AMS;Luchthaven Schiphol;NL
603;88;2014-04-22 03:40:54;7003;1398138054;FRA;AMS;Luchthaven Schiphol;NL
603;88;2014-04-22 03:46:18;7003;1398138378;FRA;AMS;UNK;UNK
603;88;2014-04-22 03:51:37;7003;1398138697;FRA;AMS;UNK;UNK
603;88;2014-04-22 04:02:07;7003;1398139327;FRA;AMS;UNK;UNK
603;88;2014-04-22 04:07:31;7003;1398139651;FRA;AMS;UNK;UNK
603;88;2014-04-22 04:08:42;7003;1398139722;FRA;AMS;UNK;UNK
603;88;2014-04-22 04:14:08;7003;1398140048;FRA;AMS;UNK;UNK
603;88;2014-04-22 04:19:26;7003;1398140366;FRA;AMS;UNK;UNK
603;88;2014-04-22 04:24:41;7003;1398140681;FRA;AMS;UNK;UNK
603;87;2014-04-22 04:27:42;7003;1398140862;FRA;AMS;UNK;UNK
603;88;2014-04-22 04:30:04;7003;1398141004;FRA;AMS;UNK;UNK
603;90;2014-04-22 04:34:05;7003;1398141245;FRA;AMS;UNK;UNK
603;90;2014-04-22 04:34:13;7003;1398141253;FRA;AMS;UNK;UNK
603;88;2014-04-22 04:35:18;7003;1398141318;FRA;AMS;UNK;UNK
603;90;2014-04-22 04:37:14;7003;1398141434;FRA;AMS;UNK;UNK
603;90;2014-04-22 04:37:20;7003;1398141440;FRA;AMS;UNK;UNK
603;90;2014-04-22 04:40:21;7003;1398141621;FRA;AMS;UNK;UNK
603;88;2014-04-22 04:40:37;7003;1398141637;FRA;AMS;UNK;UNK
603;90;2014-04-22 04:42:26;7003;1398141746;FRA;AMS;UNK;UNK
603;90;2014-04-22 04:45:27;7003;1398141927;FRA;AMS;UNK;UNK
603;90;2014-04-22 04:45:36;7003;1398141936;FRA;AMS;UNK;UNK
603;88;2014-04-22 04:45:54;7003;1398141954;FRA;AMS;UNK;UNK
603;88;2014-04-22 04:48:36;7003;1398142116;FRA;AMS;UNK;UNK
603;88;2014-04-22 04:51:16;7003;1398142276;FRA;AMS;UNK;UNK
603;90;2014-04-22 04:52:23;7003;1398142343;FRA;AMS;UNK;UNK
603;88;2014-04-22 04:56:37;7003;1398142597;FRA;AMS;UNK;UNK
603;90;2014-04-22 04:57:41;7003;1398142661;FRA;AMS;UNK;UNK
603;88;2014-04-22 05:01:55;7003;1398142915;FRA;AMS;UNK;UNK
603;88;2014-04-22 05:01:55;7003;1398142915;FRA;AMS;UNK;UNK
603;90;2014-04-22 05:03:02;7003;1398142982;FRA;AMS;UNK;UNK
603;88;2014-04-22 05:07:08;7003;1398143228;FRA;AMS;UNK;UNK
603;90;2014-04-22 05:08:15;7003;1398143295;FRA;AMS;UNK;UNK
603;90;2014-04-22 05:08:35;7003;1398143315;FRA;AMS;UNK;UNK
603;90;2014-04-22 05:08:49;7003;1398143329;FRA;AMS;UNK;UNK
603;90;2014-04-22 05:08:51;7003;1398143331;FRA;AMS;UNK;UNK
603;88;2014-04-22 05:11:36;7003;1398143496;FRA;AMS;UNK;UNK
603;88;2014-04-22 05:11:51;7003;1398143511;FRA;AMS;UNK;UNK
603;90;2014-04-22 05:12:02;7003;1398143522;FRA;AMS;UNK;UNK
603;90;2014-04-22 05:12:19;7003;1398143539;FRA;AMS;UNK;UNK
603;90;2014-04-22 05:15:03;7003;1398143703;FRA;AMS;UNK;UNK
603;90;2014-04-22 05:15:20;7003;1398143720;FRA;AMS;UNK;UNK
603;90;2014-04-22 05:15:20;7003;1398143720;FRA;AMS;UNK;UNK
603;90;2014-04-22 05:15:22;7003;1398143722;FRA;AMS;UNK;UNK
603;90;2014-04-22 05:18:21;7003;1398143901;FRA;AMS;UNK;UNK
603;90;2014-04-22 05:18:28;7003;1398143908;FRA;AMS;UNK;UNK
603;90;2014-04-22 05:21:28;7003;1398144088;FRA;AMS;UNK;UNK
603;90;2014-04-22 05:24:11;7003;1398144251;FRA;AMS;UNK;UNK
603;90;2014-04-22 05:24:19;7003;1398144259;FRA;AMS;UNK;UNK
603;90;2014-04-22 05:24:23;7003;1398144263;FRA;AMS;UNK;UNK
603;90;2014-04-22 05:27:19;7003;1398144439;FRA;AMS;UNK;UNK
603;90;2014-04-22 05:27:23;7003;1398144443;FRA;AMS;UNK;UNK
603;90;2014-04-22 05:30:24;7003;1398144624;FRA;AMS;UNK;UNK
603;90;2014-04-22 05:30:34;7003;1398144634;FRA;AMS;UNK;UNK
603;90;2014-04-22 05:31:05;7003;1398144665;FRA;AMS;UNK;UNK
603;90;2014-04-22 05:33:35;7003;1398144815;FRA;AMS;UNK;UNK
603;90;2014-04-22 05:33:57;7003;1398144837;FRA;AMS;UNK;UNK
603;90;2014-04-22 05:36:58;7003;1398145018;FRA;AMS;UNK;UNK
603;90;2014-04-22 05:37:00;7003;1398145020;FRA;AMS;UNK;UNK
603;90;2014-04-22 05:37:25;7003;1398145045;FRA;AMS;UNK;UNK
603;90;2014-04-22 05:40:01;7003;1398145201;FRA;AMS;UNK;UNK
603;90;2014-04-22 05:40:50;7003;1398145250;FRA;AMS;UNK;UNK
603;90;2014-04-22 05:43:51;7003;1398145431;FRA;AMS;UNK;UNK
603;90;2014-04-22 05:44:56;7003;1398145496;FRA;AMS;UNK;UNK
603;90;2014-04-22 05:50:10;7003;1398145810;FRA;AMS;UNK;UNK
603;90;2014-04-22 05:53:24;7003;1398146004;FRA;AMS;UNK;UNK
603;90;2014-04-22 05:58:39;7003;1398146319;FRA;AMS;UNK;UNK
603;66;2014-04-22 06:03:56;7003;1398146636;FRA;AMS;UNK;UNK
603;90;2014-04-22 06:09:00;7003;1398146940;FRA;AMS;UNK;UNK
603;94;2014-04-22 06:09:25;7003;1398146965;FRA;AMS;UNK;UNK
603;90;2014-04-22 06:12:00;7003;1398147120;FRA;AMS;UNK;UNK
603;90;2014-04-22 06:12:00;7003;1398147120;FRA;AMS;UNK;UNK
603;96;2014-04-22 06:12:08;7003;1398147128;FRA;AMS;UNK;UNK
603;86;2014-04-22 06:14:09;7003;1398147249;FRA;AMS;UNK;UNK
603;90;2014-04-22 06:15:41;7003;1398147341;FRA;AMS;UNK;UNK
603;92;2014-04-22 06:18:42;7003;1398147522;FRA;AMS;UNK;UNK
603;96;2014-04-22 06:19:12;7003;1398147552;FRA;AMS;UNK;UNK
603;86;2014-04-22 06:20:30;7003;1398147630;FRA;AMS;UNK;UNK
603;90;2014-04-22 06:22:16;7003;1398147736;FRA;AMS;UNK;UNK
603;92;2014-04-22 06:25:17;7003;1398147917;FRA;AMS;UNK;UNK
603;92;2014-04-22 06:25:23;7003;1398147923;FRA;AMS;UNK;UNK
603;90;2014-04-22 06:28:17;7003;1398148097;FRA;AMS;UNK;UNK
603;96;2014-04-22 06:29:27;7003;1398148167;FRA;AMS;UNK;UNK
603;102;2014-04-22 06:29:39;7003;1398148179;FRA;AMS;UNK;UNK
603;98;2014-04-22 06:32:40;7003;1398148360;FRA;AMS;UNK;UNK
603;90;2014-04-22 06:35:41;7003;1398148541;FRA;AMS;UNK;UNK
603;90;2014-04-22 06:36:02;7003;1398148562;FRA;AMS;UNK;UNK
603;96;2014-04-22 06:36:42;7003;1398148602;FRA;AMS;UNK;UNK
603;102;2014-04-22 06:37:52;7003;1398148672;FRA;AMS;UNK;UNK
603;86;2014-04-22 06:38:23;7003;1398148703;FRA;AMS;UNK;UNK
603;90;2014-04-22 06:39:36;7003;1398148776;FRA;AMS;UNK;UNK
603;90;2014-04-22 06:41:23;7003;1398148883;FRA;AMS;UNK;UNK
603;90;2014-04-22 06:46:39;7003;1398149199;FRA;AMS;UNK;UNK
603;0;2014-04-22 06:49:35;7003;1398149375;FRA;AMS;Ruppach-Goldhausen;DE
603;0;2014-04-22 06:49:35;7003;1398149375;FRA;AMS;Ruppach-Goldhausen;DE
603;0;2014-04-22 06:49:45;7003;1398149385;FRA;AMS;Ruppach-Goldhausen;DE
603;0;2014-04-22 06:49:47;7003;1398149387;FRA;AMS;Ruppach-Goldhausen;DE
603;0;2014-04-22 06:49:56;7003;1398149396;FRA;AMS;Ruppach-Goldhausen;DE
603;0;2014-04-22 06:52:24;7003;1398149544;FRA;AMS;Ruppach-Goldhausen;DE
603;0;2014-04-22 06:53:14;7003;1398149594;FRA;AMS;Ruppach-Goldhausen;DE
603;0;2014-04-22 06:53:20;7003;1398149600;FRA;AMS;Ruppach-Goldhausen;DE
603;0;2014-04-22 06:54:21;7003;1398149661;FRA;AMS;Ruppach-Goldhausen;DE
603;0;2014-04-22 06:54:29;7003;1398149669;FRA;AMS;Ruppach-Goldhausen;DE
603;0;2014-04-22 07:33:09;7003;1398151989;FRA;AMS;Ruppach-Goldhausen;DE
603;0;2014-04-22 07:36:03;7003;1398152163;FRA;AMS;Ruppach-Goldhausen;DE
603;0;2014-04-22 07:36:03;7003;1398152163;FRA;AMS;Ruppach-Goldhausen;DE
603;0;2014-04-22 07:36:24;7003;1398152184;FRA;AMS;Ruppach-Goldhausen;DE
603;2;2014-04-22 07:36:25;7003;1398152185;FRA;AMS;Ruppach-Goldhausen;DE
603;2;2014-04-22 07:36:25;7003;1398152185;FRA;AMS;Ruppach-Goldhausen;DE
603;90;2014-04-22 07:38:06;7003;1398152286;FRA;AMS;UNK;UNK
603;86;2014-04-22 07:40:03;7003;1398152403;FRA;AMS;UNK;UNK
603;90;2014-04-22 07:40:16;7003;1398152416;FRA;AMS;UNK;UNK
603;90;2014-04-22 07:43:20;7003;1398152600;FRA;AMS;UNK;UNK
603;92;2014-04-22 07:46:52;7003;1398152812;FRA;AMS;UNK;UNK
603;96;2014-04-22 07:47:00;7003;1398152820;FRA;AMS;UNK;UNK
603;102;2014-04-22 07:47:10;7003;1398152830;FRA;AMS;UNK;UNK
603;86;2014-04-22 07:48:27;7003;1398152907;FRA;AMS;UNK;UNK
603;90;2014-04-22 07:48:52;7003;1398152932;FRA;AMS;UNK;UNK
603;90;2014-04-22 07:51:52;7003;1398153112;FRA;AMS;UNK;UNK
603;90;2014-04-22 07:52:09;7003;1398153129;FRA;AMS;UNK;UNK
603;86;2014-04-22 07:54:03;7003;1398153243;FRA;AMS;UNK;UNK
603;86;2014-04-22 07:54:03;7003;1398153243;FRA;AMS;UNK;UNK
603;92;2014-04-22 07:54:23;7003;1398153263;FRA;AMS;UNK;UNK
603;96;2014-04-22 07:54:26;7003;1398153266;FRA;AMS;UNK;UNK
603;102;2014-04-22 07:54:33;7003;1398153273;FRA;AMS;UNK;UNK
603;86;2014-04-22 07:55:47;7003;1398153347;FRA;AMS;UNK;UNK
603;90;2014-04-22 07:56:01;7003;1398153361;FRA;AMS;UNK;UNK
603;90;2014-04-22 07:56:01;7003;1398153361;FRA;AMS;UNK;UNK
603;86;2014-04-22 07:57:19;7003;1398153439;FRA;AMS;UNK;UNK
603;90;2014-04-22 07:57:49;7003;1398153469;FRA;AMS;UNK;UNK
603;90;2014-04-22 08:00:50;7003;1398153650;FRA;AMS;UNK;UNK
603;90;2014-04-22 08:06:01;7003;1398153961;FRA;AMS;UNK;UNK
603;90;2014-04-22 08:11:17;7003;1398154277;FRA;AMS;UNK;UNK
603;92;2014-04-22 08:16:32;7003;1398154592;FRA;AMS;UNK;UNK
603;90;2014-04-22 08:21:50;7003;1398154910;FRA;AMS;UNK;UNK
603;50;2014-04-22 08:27:06;7003;1398155226;FRA;AMS;UNK;UNK
603;18;2014-04-22 08:32:20;7003;1398155540;FRA;AMS;Frankfort aan de Main;DE
603;18;2014-04-22 08:37:30;7003;1398155850;FRA;AMS;Frankfort aan de Main;DE
603;0;2014-04-22 08:42:43;7003;1398156163;FRA;AMS;Frankfort aan de Main;DE
603;0;2014-04-22 08:43:23;7003;1398156203;FRA;AMS;Frankfort aan de Main;DE
603;2;2014-04-22 08:44:03;7003;1398156243;FRA;AMS;Frankfort aan de Main;DE
603;0;2014-04-22 08:46:45;7003;1398156405;FRA;AMS;Frankfort aan de Main;DE
603;0;2014-04-22 08:46:45;7003;1398156405;FRA;AMS;Frankfort aan de Main;DE
603;0;2014-04-22 08:46:45;7003;1398156405;FRA;AMS;Frankfort aan de Main;DE
603;0;2014-04-22 08:46:55;7003;1398156415;FRA;AMS;Frankfort aan de Main;DE
603;0;2014-04-22 08:46:55;7003;1398156415;FRA;AMS;Frankfort aan de Main;DE
603;0;2014-04-22 08:49:21;7003;1398156561;FRA;AMS;Frankfort aan de Main;DE
603;0;2014-04-22 09:08:19;7003;1398157699;FRA;AMS;Frankfort aan de Main;DE
603;2;2014-04-22 09:08:35;7003;1398157715;FRA;AMS;Frankfort aan de Main;DE
603;0;2014-04-22 09:08:40;7003;1398157720;FRA;AMS;Frankfort aan de Main;DE
603;0;2014-04-22 09:08:40;7003;1398157720;FRA;AMS;Frankfort aan de Main;DE
603;0;2014-04-22 09:08:40;7003;1398157720;FRA;AMS;Frankfort aan de Main;DE
603;0;2014-04-22 09:08:46;7003;1398157726;FRA;AMS;Frankfort aan de Main;DE
603;0;2014-04-22 09:08:46;7003;1398157726;FRA;AMS;Frankfort aan de Main;DE
603;0;2014-04-22 09:08:46;7003;1398157726;FRA;AMS;Frankfort aan de Main;DE
603;0;2014-04-22 09:10:49;7003;1398157849;FRA;AMS;Frankfort aan de Main;DE
603;0;2014-04-22 09:13:22;7003;1398158002;FRA;AMS;Frankfort aan de Main;DE
603;0;2014-04-22 09:32:11;7003;1398159131;FRA;AMS;Frankfort aan de Main;DE
603;0;2014-04-22 09:33:44;7003;1398159224;FRA;AMS;Frankfort aan de Main;DE
603;0;2014-04-22 09:33:49;7003;1398159229;FRA;AMS;Frankfort aan de Main;DE
603;0;2014-04-22 09:36:21;7003;1398159381;FRA;AMS;Frankfort aan de Main;DE
603;0;2014-04-22 09:40:31;7003;1398159631;FRA;AMS;Frankfort aan de Main;DE
603;2;2014-04-22 09:41:08;7003;1398159668;FRA;AMS;Frankfort aan de Main;DE
603;30;2014-04-22 09:41:52;7003;1398159712;FRA;AMS;Frankfort aan de Main;DE
603;30;2014-04-22 09:41:52;7003;1398159712;FRA;AMS;Frankfort aan de Main;DE
603;30;2014-04-22 09:41:52;7003;1398159712;FRA;AMS;Frankfort aan de Main;DE
603;0;2014-04-22 09:46:23;7003;1398159983;FRA;AMS;Frankfort aan de Main;DE
603;0;2014-04-22 09:49:10;7003;1398160150;FRA;AMS;Frankfort aan de Main;DE
603;0;2014-04-22 09:49:10;7003;1398160150;FRA;AMS;Frankfort aan de Main;DE
603;4;2014-04-22 09:51:21;7003;1398160281;FRA;AMS;Frankfort aan de Main;DE
603;2;2014-04-22 09:51:23;7003;1398160283;FRA;AMS;Frankfort aan de Main;DE
603;30;2014-04-22 09:53:37;7003;1398160417;FRA;AMS;Frankfort aan de Main;DE
603;30;2014-04-22 09:53:37;7003;1398160417;FRA;AMS;Frankfort aan de Main;DE
603;0;2014-04-22 09:54:22;7003;1398160462;FRA;AMS;Frankfort aan de Main;DE
603;0;2014-04-22 09:54:22;7003;1398160462;FRA;AMS;Frankfort aan de Main;DE
603;0;2014-04-22 09:54:22;7003;1398160462;FRA;AMS;Frankfort aan de Main;DE
603;0;2014-04-22 09:56:21;7003;1398160581;FRA;AMS;Frankfort aan de Main;DE
603;0;2014-04-22 09:58:09;7003;1398160689;FRA;AMS;Frankfort aan de Main;DE
603;0;2014-04-22 09:58:20;7003;1398160700;FRA;AMS;Frankfort aan de Main;DE
603;0;2014-04-22 09:58:38;7003;1398160718;FRA;AMS;Frankfort aan de Main;DE
603;0;2014-04-22 09:58:38;7003;1398160718;FRA;AMS;Frankfort aan de Main;DE
603;14;2014-04-22 09:59:22;7003;1398160762;FRA;AMS;Frankfort aan de Main;DE
603;0;2014-04-22 10:03:33;7003;1398161013;FRA;AMS;Frankfort aan de Main;DE
603;0;2014-04-22 10:03:34;7003;1398161014;FRA;AMS;Frankfort aan de Main;DE
603;0;2014-04-22 10:03:34;7003;1398161014;FRA;AMS;Frankfort aan de Main;DE
603;0;2014-04-22 10:03:43;7003;1398161023;FRA;AMS;Frankfort aan de Main;DE
603;0;2014-04-22 10:03:43;7003;1398161023;FRA;AMS;Frankfort aan de Main;DE
603;0;2014-04-22 10:06:23;7003;1398161183;FRA;AMS;Frankfort aan de Main;DE
603;0;2014-04-22 10:06:23;7003;1398161183;FRA;AMS;Frankfort aan de Main;DE
603;0;2014-04-22 10:10:32;7003;1398161432;FRA;AMS;Frankfort aan de Main;DE
603;4;2014-04-22 10:10:50;7003;1398161450;FRA;AMS;Frankfort aan de Main;DE
603;0;2014-04-22 10:10:56;7003;1398161456;FRA;AMS;Frankfort aan de Main;DE
603;0;2014-04-22 10:10:56;7003;1398161456;FRA;AMS;Frankfort aan de Main;DE
603;0;2014-04-22 10:10:58;7003;1398161458;FRA;AMS;Frankfort aan de Main;DE
603;0;2014-04-22 10:10:58;7003;1398161458;FRA;AMS;Frankfort aan de Main;DE
603;0;2014-04-22 10:15:23;7003;1398161723;FRA;AMS;Frankfort aan de Main;DE
603;0;2014-04-22 10:18:16;7003;1398161896;FRA;AMS;Frankfort aan de Main;DE
603;0;2014-04-22 10:18:16;7003;1398161896;FRA;AMS;Frankfort aan de Main;DE
603;0;2014-04-22 10:20:23;7003;1398162023;FRA;AMS;Frankfort aan de Main;DE
603;0;2014-04-22 10:33:27;7003;1398162807;FRA;AMS;Frankfort aan de Main;DE
603;0;2014-04-22 10:33:39;7003;1398162819;FRA;AMS;Frankfort aan de Main;DE
603;0;2014-04-22 10:33:57;7003;1398162837;FRA;AMS;Frankfort aan de Main;DE
603;0;2014-04-22 10:33:57;7003;1398162837;FRA;AMS;Frankfort aan de Main;DE
603;0;2014-04-22 10:33:58;7003;1398162838;FRA;AMS;Frankfort aan de Main;DE
603;0;2014-04-22 10:36:23;7003;1398162983;FRA;AMS;Frankfort aan de Main;DE
603;0;2014-04-22 10:55:53;7003;1398164153;FRA;AMS;Frankfort aan de Main;DE
603;2;2014-04-22 11:07:35;7003;1398164855;FRA;AMS;Frankfort aan de Main;DE
603;0;2014-04-22 11:07:45;7003;1398164865;FRA;AMS;Frankfort aan de Main;DE
603;0;2014-04-22 11:10:05;7003;1398165005;FRA;AMS;Frankfort aan de Main;DE
603;30;2014-04-22 11:10:26;7003;1398165026;FRA;AMS;Frankfort aan de Main;DE
603;30;2014-04-22 11:10:26;7003;1398165026;FRA;AMS;Frankfort aan de Main;DE
603;30;2014-04-22 11:10:26;7003;1398165026;FRA;AMS;Frankfort aan de Main;DE
604;0;2014-04-16 22:55:22;7004;1397688922;FRA;AMS;Luchthaven Schiphol;NL
604;0;2014-04-16 22:55:22;7004;1397688922;FRA;AMS;Luchthaven Schiphol;NL
604;0;2014-04-16 22:55:22;7004;1397688922;FRA;AMS;Luchthaven Schiphol;NL
604;0;2014-04-16 22:55:26;7004;1397688926;FRA;AMS;Luchthaven Schiphol;NL
604;0;2014-04-16 22:57:30;7004;1397689050;FRA;AMS;Luchthaven Schiphol;NL
604;0;2014-04-16 23:12:31;7004;1397689951;FRA;AMS;Luchthaven Schiphol;NL
604;0;2014-04-16 23:42:33;7004;1397691753;FRA;AMS;Luchthaven Schiphol;NL
604;0;2014-04-16 23:43:36;7004;1397691816;FRA;AMS;Luchthaven Schiphol;NL
604;0;2014-04-16 23:43:40;7004;1397691820;FRA;AMS;Luchthaven Schiphol;NL
604;0;2014-04-16 23:43:43;7004;1397691823;FRA;AMS;Luchthaven Schiphol;NL
604;2;2014-04-16 23:44:08;7004;1397691848;FRA;AMS;Luchthaven Schiphol;NL
604;0;2014-04-16 23:47:04;7004;1397692024;FRA;AMS;Luchthaven Schiphol;NL
604;0;2014-04-16 23:48:29;7004;1397692109;FRA;AMS;Luchthaven Schiphol;NL
604;0;2014-04-17 00:03:29;7004;1397693009;FRA;AMS;Luchthaven Schiphol;NL
604;0;2014-04-17 00:18:30;7004;1397693910;FRA;AMS;Luchthaven Schiphol;NL
604;0;2014-04-17 00:33:29;7004;1397694809;FRA;AMS;Luchthaven Schiphol;NL
604;0;2014-04-17 00:48:30;7004;1397695710;FRA;AMS;Luchthaven Schiphol;NL
604;0;2014-04-17 01:18:32;7004;1397697512;FRA;AMS;Luchthaven Schiphol;NL
604;0;2014-04-17 01:29:16;7004;1397698156;FRA;AMS;Luchthaven Schiphol;NL
604;4;2014-04-17 01:30:29;7004;1397698229;FRA;AMS;Luchthaven Schiphol;NL
604;0;2014-04-17 01:33:29;7004;1397698409;FRA;AMS;Luchthaven Schiphol;NL
604;0;2014-04-17 01:34:29;7004;1397698469;FRA;AMS;Luchthaven Schiphol;NL
604;0;2014-04-17 01:42:53;7004;1397698973;FRA;AMS;Luchthaven Schiphol;NL
604;0;2014-04-17 01:44:29;7004;1397699069;FRA;AMS;Luchthaven Schiphol;NL
604;0;2014-04-17 01:59:29;7004;1397699969;FRA;AMS;Luchthaven Schiphol;NL
604;0;2014-04-17 02:06:37;7004;1397700397;FRA;AMS;Luchthaven Schiphol;NL
604;0;2014-04-17 02:08:57;7004;1397700537;FRA;AMS;Luchthaven Schiphol;NL
604;0;2014-04-17 02:08:57;7004;1397700537;FRA;AMS;Luchthaven Schiphol;NL
604;0;2014-04-17 02:08:57;7004;1397700537;FRA;AMS;Luchthaven Schiphol;NL
604;2;2014-04-17 02:10:12;7004;1397700612;FRA;AMS;Luchthaven Schiphol;NL
604;2;2014-04-17 02:10:12;7004;1397700612;FRA;AMS;Luchthaven Schiphol;NL
604;14;2014-04-17 02:10:29;7004;1397700629;FRA;AMS;Luchthaven Schiphol;NL
604;30;2014-04-17 02:11:59;7004;1397700719;FRA;AMS;Luchthaven Schiphol;NL
604;38;2014-04-17 02:13:33;7004;1397700813;FRA;AMS;Luchthaven Schiphol;NL
604;38;2014-04-17 02:13:33;7004;1397700813;FRA;AMS;Luchthaven Schiphol;NL
604;90;2014-04-17 02:16:06;7004;1397700966;FRA;AMS;Luchthaven Schiphol;NL
604;90;2014-04-17 02:19:14;7004;1397701154;FRA;AMS;Luchthaven Schiphol;NL
604;90;2014-04-17 02:24:17;7004;1397701457;FRA;AMS;UNK;UNK
604;84;2014-04-17 02:29:20;7004;1397701760;FRA;AMS;UNK;UNK
604;84;2014-04-17 02:34:22;7004;1397702062;FRA;AMS;UNK;UNK
604;84;2014-04-17 02:39:25;7004;1397702365;FRA;AMS;UNK;UNK
604;84;2014-04-17 02:44:28;7004;1397702668;FRA;AMS;UNK;UNK
604;86;2014-04-17 02:49:35;7004;1397702975;FRA;AMS;UNK;UNK
604;90;2014-04-17 02:54:49;7004;1397703289;FRA;AMS;UNK;UNK
604;90;2014-04-17 02:59:52;7004;1397703592;FRA;AMS;UNK;UNK
604;90;2014-04-17 03:04:57;7004;1397703897;FRA;AMS;UNK;UNK
604;90;2014-04-17 03:10:04;7004;1397704204;FRA;AMS;UNK;UNK
604;90;2014-04-17 03:15:06;7004;1397704506;FRA;AMS;UNK;UNK
604;92;2014-04-17 03:20:09;7004;1397704809;FRA;AMS;UNK;UNK
604;90;2014-04-17 03:25:12;7004;1397705112;FRA;AMS;UNK;UNK
604;90;2014-04-17 03:30:15;7004;1397705415;FRA;AMS;UNK;UNK
604;90;2014-04-17 03:35:17;7004;1397705717;FRA;AMS;UNK;UNK
604;90;2014-04-17 03:40:21;7004;1397706021;FRA;AMS;UNK;UNK
604;90;2014-04-17 03:45:26;7004;1397706326;FRA;AMS;UNK;UNK
604;90;2014-04-17 03:50:29;7004;1397706629;FRA;AMS;UNK;UNK
604;90;2014-04-17 03:55:30;7004;1397706930;FRA;AMS;UNK;UNK
604;90;2014-04-17 04:00:35;7004;1397707235;FRA;AMS;UNK;UNK
604;90;2014-04-17 04:05:38;7004;1397707538;FRA;AMS;UNK;UNK
604;90;2014-04-17 04:10:40;7004;1397707840;FRA;AMS;UNK;UNK
604;90;2014-04-17 04:10:40;7004;1397707840;FRA;AMS;UNK;UNK
604;90;2014-04-17 04:15:42;7004;1397708142;FRA;AMS;UNK;UNK
604;90;2014-04-17 04:20:45;7004;1397708445;FRA;AMS;UNK;UNK
604;90;2014-04-17 04:23:30;7004;1397708610;FRA;AMS;UNK;UNK
604;90;2014-04-17 04:27:59;7004;1397708879;FRA;AMS;UNK;UNK
604;90;2014-04-17 04:28:09;7004;1397708889;FRA;AMS;UNK;UNK
604;90;2014-04-17 04:28:52;7004;1397708932;FRA;AMS;UNK;UNK
604;90;2014-04-17 04:33:54;7004;1397709234;FRA;AMS;UNK;UNK
604;90;2014-04-17 04:38:58;7004;1397709538;FRA;AMS;UNK;UNK
604;90;2014-04-17 04:44:01;7004;1397709841;FRA;AMS;UNK;UNK
604;84;2014-04-17 04:49:05;7004;1397710145;FRA;AMS;UNK;UNK
604;90;2014-04-17 04:59:22;7004;1397710762;FRA;AMS;UNK;UNK
604;90;2014-04-17 05:09:27;7004;1397711367;FRA;AMS;UNK;UNK
604;90;2014-04-17 05:14:29;7004;1397711669;FRA;AMS;UNK;UNK
604;90;2014-04-17 05:19:32;7004;1397711972;FRA;AMS;UNK;UNK
604;90;2014-04-17 05:24:35;7004;1397712275;FRA;AMS;UNK;UNK
604;84;2014-04-17 05:29:39;7004;1397712579;FRA;AMS;UNK;UNK
604;90;2014-04-17 05:29:50;7004;1397712590;FRA;AMS;UNK;UNK
604;90;2014-04-17 05:32:51;7004;1397712771;FRA;AMS;UNK;UNK
604;88;2014-04-17 05:34:28;7004;1397712868;FRA;AMS;UNK;UNK
604;90;2014-04-17 05:34:50;7004;1397712890;FRA;AMS;UNK;UNK
604;90;2014-04-17 05:38:09;7004;1397713089;FRA;AMS;UNK;UNK
604;90;2014-04-17 05:41:28;7004;1397713288;FRA;AMS;UNK;UNK
604;90;2014-04-17 05:44:32;7004;1397713472;FRA;AMS;UNK;UNK
604;90;2014-04-17 05:49:35;7004;1397713775;FRA;AMS;UNK;UNK
604;0;2014-04-17 05:54:37;7004;1397714077;FRA;AMS;UNK;UNK
604;0;2014-04-17 05:54:44;7004;1397714084;FRA;AMS;Siegburg;DE
604;0;2014-04-17 05:54:44;7004;1397714084;FRA;AMS;Siegburg;DE
604;0;2014-04-17 05:54:51;7004;1397714091;FRA;AMS;Siegburg;DE
604;0;2014-04-17 05:54:51;7004;1397714091;FRA;AMS;Siegburg;DE
604;0;2014-04-17 05:54:56;7004;1397714096;FRA;AMS;Siegburg;DE
604;0;2014-04-17 05:56:29;7004;1397714189;FRA;AMS;Siegburg;DE
604;0;2014-04-17 06:01:52;7004;1397714512;FRA;AMS;Siegburg;DE
604;0;2014-04-17 06:03:28;7004;1397714608;FRA;AMS;Siegburg;DE
604;0;2014-04-17 06:03:32;7004;1397714612;FRA;AMS;Siegburg;DE
604;0;2014-04-17 06:16:57;7004;1397715417;FRA;AMS;Siegburg;DE
604;0;2014-04-17 06:25:20;7004;1397715920;FRA;AMS;Siegburg;DE
604;0;2014-04-17 06:25:44;7004;1397715944;FRA;AMS;Siegburg;DE
604;0;2014-04-17 06:25:44;7004;1397715944;FRA;AMS;Siegburg;DE
604;0;2014-04-17 06:25:57;7004;1397715957;FRA;AMS;Siegburg;DE
604;0;2014-04-17 06:25:57;7004;1397715957;FRA;AMS;Siegburg;DE
604;42;2014-04-17 06:26:30;7004;1397715990;FRA;AMS;UNK;UNK
604;64;2014-04-17 06:31:34;7004;1397716294;FRA;AMS;UNK;UNK
604;92;2014-04-17 06:36:16;7004;1397716576;FRA;AMS;UNK;UNK
604;86;2014-04-17 06:37:26;7004;1397716646;FRA;AMS;UNK;UNK
604;60;2014-04-17 06:42:28;7004;1397716948;FRA;AMS;UNK;UNK
604;86;2014-04-17 06:47:30;7004;1397717250;FRA;AMS;UNK;UNK
604;90;2014-04-17 06:52:32;7004;1397717552;FRA;AMS;UNK;UNK
604;90;2014-04-17 06:54:14;7004;1397717654;FRA;AMS;UNK;UNK
604;86;2014-04-17 06:54:39;7004;1397717679;FRA;AMS;UNK;UNK
604;90;2014-04-17 06:57:17;7004;1397717837;FRA;AMS;UNK;UNK
604;90;2014-04-17 07:00:20;7004;1397718020;FRA;AMS;UNK;UNK
604;90;2014-04-17 07:03:21;7004;1397718201;FRA;AMS;UNK;UNK
604;90;2014-04-17 07:05:31;7004;1397718331;FRA;AMS;UNK;UNK
604;86;2014-04-17 07:06:50;7004;1397718410;FRA;AMS;UNK;UNK
604;90;2014-04-17 07:11:53;7004;1397718713;FRA;AMS;UNK;UNK
604;90;2014-04-17 07:16:56;7004;1397719016;FRA;AMS;UNK;UNK
604;86;2014-04-17 07:21:59;7004;1397719319;FRA;AMS;UNK;UNK
604;62;2014-04-17 07:27:01;7004;1397719621;FRA;AMS;UNK;UNK
604;90;2014-04-17 07:34:48;7004;1397720088;FRA;AMS;UNK;UNK
604;90;2014-04-17 07:34:48;7004;1397720088;FRA;AMS;UNK;UNK
604;90;2014-04-17 07:37:08;7004;1397720228;FRA;AMS;UNK;UNK
604;90;2014-04-17 07:44:28;7004;1397720668;FRA;AMS;UNK;UNK
604;86;2014-04-17 07:45:13;7004;1397720713;FRA;AMS;UNK;UNK
604;90;2014-04-17 07:53:06;7004;1397721186;FRA;AMS;UNK;UNK
604;90;2014-04-17 07:56:19;7004;1397721379;FRA;AMS;UNK;UNK
604;92;2014-04-17 08:01:11;7004;1397721671;FRA;AMS;UNK;UNK
604;86;2014-04-17 08:01:57;7004;1397721717;FRA;AMS;UNK;UNK
604;86;2014-04-17 08:07:00;7004;1397722020;FRA;AMS;UNK;UNK
604;84;2014-04-17 08:12:04;7004;1397722324;FRA;AMS;UNK;UNK
604;90;2014-04-17 08:17:07;7004;1397722627;FRA;AMS;UNK;UNK
604;82;2014-04-17 08:18:04;7004;1397722684;FRA;AMS;Frankfort aan de Main;DE
604;90;2014-04-17 08:18:54;7004;1397722734;FRA;AMS;Frankfort aan de Main;DE
604;86;2014-04-17 08:19:17;7004;1397722757;FRA;AMS;Frankfort aan de Main;DE
604;0;2014-04-17 08:22:50;7004;1397722970;FRA;AMS;Frankfort aan de Main;DE
604;0;2014-04-17 08:22:50;7004;1397722970;FRA;AMS;Frankfort aan de Main;DE
604;0;2014-04-17 08:22:50;7004;1397722970;FRA;AMS;Frankfort aan de Main;DE
604;0;2014-04-17 08:25:28;7004;1397723128;FRA;AMS;Frankfort aan de Main;DE
604;0;2014-04-17 08:26:27;7004;1397723187;FRA;AMS;Frankfort aan de Main;DE
604;2;2014-04-17 08:26:40;7004;1397723200;FRA;AMS;Frankfort aan de Main;DE
604;2;2014-04-17 08:26:40;7004;1397723200;FRA;AMS;Frankfort aan de Main;DE
604;2;2014-04-17 08:26:59;7004;1397723219;FRA;AMS;Frankfort aan de Main;DE
604;0;2014-04-17 08:30:05;7004;1397723405;FRA;AMS;Frankfort aan de Main;DE
604;0;2014-04-17 08:30:05;7004;1397723405;FRA;AMS;Frankfort aan de Main;DE
604;0;2014-04-17 08:30:05;7004;1397723405;FRA;AMS;Frankfort aan de Main;DE
604;0;2014-04-17 08:30:22;7004;1397723422;FRA;AMS;Frankfort aan de Main;DE
604;0;2014-04-17 08:32:29;7004;1397723549;FRA;AMS;Frankfort aan de Main;DE
604;0;2014-04-17 08:33:17;7004;1397723597;FRA;AMS;Frankfort aan de Main;DE
604;0;2014-04-17 08:48:18;7004;1397724498;FRA;AMS;Frankfort aan de Main;DE
604;0;2014-04-17 08:48:18;7004;1397724498;FRA;AMS;Frankfort aan de Main;DE
604;0;2014-04-17 09:03:19;7004;1397725399;FRA;AMS;Frankfort aan de Main;DE
604;0;2014-04-17 09:03:19;7004;1397725399;FRA;AMS;Frankfort aan de Main;DE
604;0;2014-04-17 09:18:19;7004;1397726299;FRA;AMS;Frankfort aan de Main;DE
604;0;2014-04-17 09:18:20;7004;1397726300;FRA;AMS;Frankfort aan de Main;DE
604;0;2014-04-17 09:33:20;7004;1397727200;FRA;AMS;Frankfort aan de Main;DE
604;0;2014-04-17 09:33:20;7004;1397727200;FRA;AMS;Frankfort aan de Main;DE
604;0;2014-04-17 09:48:21;7004;1397728101;FRA;AMS;Frankfort aan de Main;DE
604;0;2014-04-17 09:48:21;7004;1397728101;FRA;AMS;Frankfort aan de Main;DE
604;0;2014-04-17 10:03:22;7004;1397729002;FRA;AMS;Frankfort aan de Main;DE
604;0;2014-04-17 10:03:22;7004;1397729002;FRA;AMS;Frankfort aan de Main;DE
604;0;2014-04-17 10:07:59;7004;1397729279;FRA;AMS;Frankfort aan de Main;DE
604;0;2014-04-17 10:12:43;7004;1397729563;FRA;AMS;Frankfort aan de Main;DE
604;0;2014-04-17 10:13:00;7004;1397729580;FRA;AMS;Frankfort aan de Main;DE
604;0;2014-04-17 10:13:00;7004;1397729580;FRA;AMS;Frankfort aan de Main;DE
604;0;2014-04-17 10:13:00;7004;1397729580;FRA;AMS;Frankfort aan de Main;DE
