301;0;2014-05-21 19:48:40;4001;1400701720;AMS;BRU;Machelen;BE
301;0;2014-05-21 19:48:40;4001;1400701720;AMS;BRU;Machelen;BE
301;0;2014-05-21 19:48:40;4001;1400701720;AMS;BRU;Machelen;BE
301;0;2014-05-21 19:48:55;4001;1400701735;AMS;BRU;Machelen;BE
301;0;2014-05-21 19:48:56;4001;1400701736;AMS;BRU;Machelen;BE
301;0;2014-05-21 19:48:56;4001;1400701736;AMS;BRU;Machelen;BE
301;0;2014-05-21 19:49:05;4001;1400701745;AMS;BRU;Machelen;BE
301;0;2014-05-21 19:49:05;4001;1400701745;AMS;BRU;Machelen;BE
301;90;2014-05-21 19:54:10;4001;1400702050;AMS;BRU;Machelen;BE
301;88;2014-05-21 19:59:14;4001;1400702354;AMS;BRU;UNK;UNK
301;88;2014-05-21 20:04:18;4001;1400702658;AMS;BRU;UNK;UNK
301;88;2014-05-21 20:09:21;4001;1400702961;AMS;BRU;UNK;UNK
301;88;2014-05-21 20:14:26;4001;1400703266;AMS;BRU;UNK;UNK
301;80;2014-05-21 20:15:17;4001;1400703317;AMS;BRU;UNK;UNK
301;88;2014-05-21 20:18:41;4001;1400703521;AMS;BRU;UNK;UNK
301;88;2014-05-21 20:18:45;4001;1400703525;AMS;BRU;UNK;UNK
301;52;2014-05-21 20:23:50;4001;1400703830;AMS;BRU;UNK;UNK
301;88;2014-05-21 20:28:53;4001;1400704133;AMS;BRU;UNK;UNK
301;88;2014-05-21 20:30:36;4001;1400704236;AMS;BRU;UNK;UNK
301;88;2014-05-21 20:35:39;4001;1400704539;AMS;BRU;UNK;UNK
301;88;2014-05-21 20:40:41;4001;1400704841;AMS;BRU;UNK;UNK
301;84;2014-05-21 20:45:43;4001;1400705143;AMS;BRU;UNK;UNK
301;82;2014-05-21 20:46:43;4001;1400705203;AMS;BRU;UNK;UNK
301;82;2014-05-21 20:51:45;4001;1400705505;AMS;BRU;UNK;UNK
301;44;2014-05-21 20:55:26;4001;1400705726;AMS;BRU;UNK;UNK
301;82;2014-05-21 21:00:30;4001;1400706030;AMS;BRU;UNK;UNK
301;82;2014-05-21 21:05:34;4001;1400706334;AMS;BRU;UNK;UNK
301;82;2014-05-21 21:10:37;4001;1400706637;AMS;BRU;UNK;UNK
301;82;2014-05-21 21:15:39;4001;1400706939;AMS;BRU;UNK;UNK
301;84;2014-05-21 21:20:41;4001;1400707241;AMS;BRU;UNK;UNK
301;82;2014-05-21 21:25:44;4001;1400707544;AMS;BRU;UNK;UNK
301;82;2014-05-21 21:30:47;4001;1400707847;AMS;BRU;UNK;UNK
301;82;2014-05-21 21:35:49;4001;1400708149;AMS;BRU;UNK;UNK
301;82;2014-05-21 21:40:53;4001;1400708453;AMS;BRU;UNK;UNK
301;82;2014-05-21 21:45:58;4001;1400708758;AMS;BRU;UNK;UNK
301;82;2014-05-21 21:51:02;4001;1400709062;AMS;BRU;UNK;UNK
301;82;2014-05-21 21:56:05;4001;1400709365;AMS;BRU;UNK;UNK
301;82;2014-05-21 22:01:08;4001;1400709668;AMS;BRU;UNK;UNK
301;82;2014-05-21 22:06:13;4001;1400709973;AMS;BRU;UNK;UNK
301;64;2014-05-21 22:16:22;4001;1400710582;AMS;BRU;Luchthaven Schiphol;NL
301;30;2014-05-21 22:25:48;4001;1400711148;AMS;BRU;Luchthaven Schiphol;NL
301;30;2014-05-21 22:25:48;4001;1400711148;AMS;BRU;Luchthaven Schiphol;NL
301;30;2014-05-21 22:25:48;4001;1400711148;AMS;BRU;Luchthaven Schiphol;NL
301;28;2014-05-21 22:26:26;4001;1400711186;AMS;BRU;Luchthaven Schiphol;NL
301;0;2014-05-21 22:28:25;4001;1400711305;AMS;BRU;Luchthaven Schiphol;NL
301;0;2014-05-21 22:28:25;4001;1400711305;AMS;BRU;Luchthaven Schiphol;NL
301;0;2014-05-21 22:28:25;4001;1400711305;AMS;BRU;Luchthaven Schiphol;NL
301;0;2014-05-21 22:30:26;4001;1400711426;AMS;BRU;Luchthaven Schiphol;NL
301;0;2014-05-21 22:35:39;4001;1400711739;AMS;BRU;Luchthaven Schiphol;NL
301;0;2014-05-21 22:35:51;4001;1400711751;AMS;BRU;Luchthaven Schiphol;NL
301;0;2014-05-21 22:35:53;4001;1400711753;AMS;BRU;Luchthaven Schiphol;NL
301;0;2014-05-21 22:36:10;4001;1400711770;AMS;BRU;Luchthaven Schiphol;NL
301;0;2014-05-21 22:36:26;4001;1400711786;AMS;BRU;Luchthaven Schiphol;NL
301;0;2014-05-21 22:36:26;4001;1400711786;AMS;BRU;Luchthaven Schiphol;NL
301;0;2014-05-21 22:37:07;4001;1400711827;AMS;BRU;Luchthaven Schiphol;NL
301;0;2014-05-21 22:37:07;4001;1400711827;AMS;BRU;Luchthaven Schiphol;NL
301;0;2014-05-21 22:37:31;4001;1400711851;AMS;BRU;Luchthaven Schiphol;NL
301;0;2014-05-21 22:37:31;4001;1400711851;AMS;BRU;Luchthaven Schiphol;NL
301;0;2014-05-21 22:41:35;4001;1400712095;AMS;BRU;Luchthaven Schiphol;NL
301;0;2014-05-21 22:41:36;4001;1400712096;AMS;BRU;Luchthaven Schiphol;NL
301;0;2014-05-21 22:41:36;4001;1400712096;AMS;BRU;Luchthaven Schiphol;NL
301;0;2014-05-21 22:42:28;4001;1400712148;AMS;BRU;Luchthaven Schiphol;NL
301;0;2014-05-21 22:42:41;4001;1400712161;AMS;BRU;Luchthaven Schiphol;NL
301;0;2014-05-21 22:42:41;4001;1400712161;AMS;BRU;Luchthaven Schiphol;NL
301;0;2014-05-21 22:43:55;4001;1400712235;AMS;BRU;Luchthaven Schiphol;NL
301;0;2014-05-21 22:43:55;4001;1400712235;AMS;BRU;Luchthaven Schiphol;NL
301;0;2014-05-21 22:43:55;4001;1400712235;AMS;BRU;Luchthaven Schiphol;NL
301;0;2014-05-21 22:46:25;4001;1400712385;AMS;BRU;Luchthaven Schiphol;NL
301;0;2014-05-21 22:50:36;4001;1400712636;AMS;BRU;Luchthaven Schiphol;NL
301;0;2014-05-21 22:51:51;4001;1400712711;AMS;BRU;Luchthaven Schiphol;NL
301;0;2014-05-21 22:51:51;4001;1400712711;AMS;BRU;Luchthaven Schiphol;NL
301;0;2014-05-21 22:52:25;4001;1400712745;AMS;BRU;Luchthaven Schiphol;NL
301;0;2014-05-21 23:02:10;4001;1400713330;AMS;BRU;Luchthaven Schiphol;NL
301;0;2014-05-21 23:07:34;4001;1400713654;AMS;BRU;Luchthaven Schiphol;NL
301;10;2014-05-21 23:08:25;4001;1400713705;AMS;BRU;Luchthaven Schiphol;NL
301;14;2014-05-21 23:08:31;4001;1400713711;AMS;BRU;Luchthaven Schiphol;NL
301;14;2014-05-21 23:08:31;4001;1400713711;AMS;BRU;Luchthaven Schiphol;NL
301;0;2014-05-21 23:10:04;4001;1400713804;AMS;BRU;Luchthaven Schiphol;NL
301;0;2014-05-21 23:10:04;4001;1400713804;AMS;BRU;Luchthaven Schiphol;NL
301;0;2014-05-21 23:10:05;4001;1400713805;AMS;BRU;Luchthaven Schiphol;NL
301;0;2014-05-21 23:10:44;4001;1400713844;AMS;BRU;Luchthaven Schiphol;NL
301;0;2014-05-21 23:10:53;4001;1400713853;AMS;BRU;Luchthaven Schiphol;NL
301;0;2014-05-21 23:10:53;4001;1400713853;AMS;BRU;Luchthaven Schiphol;NL
301;0;2014-05-21 23:11:42;4001;1400713902;AMS;BRU;Luchthaven Schiphol;NL
301;0;2014-05-21 23:11:42;4001;1400713902;AMS;BRU;Luchthaven Schiphol;NL
301;0;2014-05-21 23:11:42;4001;1400713902;AMS;BRU;Luchthaven Schiphol;NL
301;0;2014-05-21 23:14:25;4001;1400714065;AMS;BRU;Luchthaven Schiphol;NL
301;0;2014-05-21 23:29:25;4001;1400714965;AMS;BRU;Luchthaven Schiphol;NL
301;0;2014-05-21 23:39:34;4001;1400715574;AMS;BRU;Luchthaven Schiphol;NL
301;12;2014-05-21 23:40:27;4001;1400715627;AMS;BRU;Luchthaven Schiphol;NL
301;0;2014-05-21 23:44:45;4001;1400715885;AMS;BRU;Luchthaven Schiphol;NL
301;0;2014-05-21 23:47:21;4001;1400716041;AMS;BRU;Luchthaven Schiphol;NL
301;0;2014-05-21 23:47:25;4001;1400716045;AMS;BRU;Luchthaven Schiphol;NL
301;0;2014-05-21 23:50:12;4001;1400716212;AMS;BRU;Luchthaven Schiphol;NL
301;0;2014-05-22 00:05:18;4001;1400717118;AMS;BRU;Luchthaven Schiphol;NL
301;0;2014-05-22 00:20:21;4001;1400718021;AMS;BRU;Luchthaven Schiphol;NL
301;0;2014-05-22 00:35:22;4001;1400718922;AMS;BRU;Luchthaven Schiphol;NL
301;0;2014-05-22 00:50:24;4001;1400719824;AMS;BRU;Luchthaven Schiphol;NL
301;0;2014-05-22 01:20:26;4001;1400721626;AMS;BRU;Luchthaven Schiphol;NL
301;0;2014-05-22 01:27:14;4001;1400722034;AMS;BRU;Luchthaven Schiphol;NL
301;2;2014-05-22 01:29:03;4001;1400722143;AMS;BRU;Luchthaven Schiphol;NL
301;30;2014-05-22 01:31:50;4001;1400722310;AMS;BRU;Luchthaven Schiphol;NL
301;30;2014-05-22 01:31:50;4001;1400722310;AMS;BRU;Luchthaven Schiphol;NL
301;26;2014-05-22 01:33:26;4001;1400722406;AMS;BRU;Luchthaven Schiphol;NL
301;0;2014-05-22 01:34:13;4001;1400722453;AMS;BRU;Luchthaven Schiphol;NL
301;0;2014-05-22 01:34:14;4001;1400722454;AMS;BRU;Luchthaven Schiphol;NL
301;0;2014-05-22 01:34:14;4001;1400722454;AMS;BRU;Luchthaven Schiphol;NL
301;0;2014-05-22 01:36:25;4001;1400722585;AMS;BRU;Luchthaven Schiphol;NL
301;0;2014-05-22 01:51:26;4001;1400723486;AMS;BRU;Luchthaven Schiphol;NL
301;0;2014-05-22 02:06:26;4001;1400724386;AMS;BRU;Luchthaven Schiphol;NL
301;0;2014-05-22 02:12:42;4001;1400724762;AMS;BRU;Luchthaven Schiphol;NL
301;0;2014-05-22 02:12:48;4001;1400724768;AMS;BRU;Luchthaven Schiphol;NL
301;0;2014-05-22 02:22:23;4001;1400725343;AMS;BRU;Luchthaven Schiphol;NL
301;0;2014-05-22 02:22:23;4001;1400725343;AMS;BRU;Luchthaven Schiphol;NL
301;0;2014-05-22 02:22:23;4001;1400725343;AMS;BRU;Luchthaven Schiphol;NL
301;0;2014-05-22 02:22:30;4001;1400725350;AMS;BRU;Luchthaven Schiphol;NL
301;0;2014-05-22 02:22:31;4001;1400725351;AMS;BRU;Luchthaven Schiphol;NL
301;0;2014-05-22 02:22:31;4001;1400725351;AMS;BRU;Luchthaven Schiphol;NL
302;0;2014-05-21 19:24:15;4002;1400700255;AMS;BRU;Machelen;BE
302;0;2014-05-21 19:24:15;4002;1400700255;AMS;BRU;Machelen;BE
302;0;2014-05-21 19:24:15;4002;1400700255;AMS;BRU;Machelen;BE
302;0;2014-05-21 19:24:15;4002;1400700255;AMS;BRU;Machelen;BE
302;0;2014-05-21 19:24:15;4002;1400700255;AMS;BRU;Machelen;BE
302;0;2014-05-21 19:25:05;4002;1400700305;AMS;BRU;Machelen;BE
302;2;2014-05-21 19:25:43;4002;1400700343;AMS;BRU;Machelen;BE
302;0;2014-05-21 19:29:03;4002;1400700543;AMS;BRU;Machelen;BE
302;0;2014-05-21 19:32:52;4002;1400700772;AMS;BRU;Machelen;BE
302;4;2014-05-21 19:36:17;4002;1400700977;AMS;BRU;Machelen;BE
302;4;2014-05-21 19:36:17;4002;1400700977;AMS;BRU;Machelen;BE
302;0;2014-05-21 19:39:04;4002;1400701144;AMS;BRU;Machelen;BE
302;0;2014-05-21 19:49:43;4002;1400701783;AMS;BRU;Machelen;BE
302;0;2014-05-21 19:50:05;4002;1400701805;AMS;BRU;Machelen;BE
302;0;2014-05-21 19:50:06;4002;1400701806;AMS;BRU;Machelen;BE
302;0;2014-05-21 19:50:06;4002;1400701806;AMS;BRU;Machelen;BE
302;0;2014-05-21 19:50:06;4002;1400701806;AMS;BRU;Machelen;BE
302;0;2014-05-21 19:50:06;4002;1400701806;AMS;BRU;Machelen;BE
302;0;2014-05-21 19:50:09;4002;1400701809;AMS;BRU;Machelen;BE
302;0;2014-05-21 19:50:09;4002;1400701809;AMS;BRU;Machelen;BE
302;0;2014-05-21 19:50:09;4002;1400701809;AMS;BRU;Machelen;BE
302;0;2014-05-21 19:50:09;4002;1400701809;AMS;BRU;Machelen;BE
302;16;2014-05-21 19:51:04;4002;1400701864;AMS;BRU;Machelen;BE
302;0;2014-05-21 19:54:05;4002;1400702045;AMS;BRU;Machelen;BE
302;0;2014-05-21 19:54:27;4002;1400702067;AMS;BRU;Machelen;BE
302;0;2014-05-21 19:54:27;4002;1400702067;AMS;BRU;Machelen;BE
302;0;2014-05-21 19:54:27;4002;1400702067;AMS;BRU;Machelen;BE
302;0;2014-05-21 19:54:27;4002;1400702067;AMS;BRU;Machelen;BE
302;4;2014-05-21 20:05:01;4002;1400702701;AMS;BRU;Machelen;BE
302;6;2014-05-21 20:05:04;4002;1400702704;AMS;BRU;Machelen;BE
302;0;2014-05-21 20:09:35;4002;1400702975;AMS;BRU;Machelen;BE
302;0;2014-05-21 20:12:04;4002;1400703124;AMS;BRU;Machelen;BE
302;0;2014-05-21 21:01:45;4002;1400706105;AMS;BRU;Machelen;BE
302;0;2014-05-21 21:03:03;4002;1400706183;AMS;BRU;Machelen;BE
302;0;2014-05-21 21:08:04;4002;1400706484;AMS;BRU;Machelen;BE
302;0;2014-05-21 21:08:04;4002;1400706484;AMS;BRU;Machelen;BE
302;24;2014-05-21 21:09:03;4002;1400706543;AMS;BRU;Machelen;BE
302;0;2014-05-21 21:13:03;4002;1400706783;AMS;BRU;Machelen;BE
302;0;2014-05-21 21:17:37;4002;1400707057;AMS;BRU;Machelen;BE
302;0;2014-05-21 21:17:40;4002;1400707060;AMS;BRU;Machelen;BE
302;0;2014-05-21 21:17:41;4002;1400707061;AMS;BRU;Machelen;BE
302;0;2014-05-21 21:17:41;4002;1400707061;AMS;BRU;Machelen;BE
302;0;2014-05-21 21:17:41;4002;1400707061;AMS;BRU;Machelen;BE
302;0;2014-05-21 21:17:41;4002;1400707061;AMS;BRU;Machelen;BE
302;0;2014-05-21 21:17:48;4002;1400707068;AMS;BRU;Machelen;BE
302;0;2014-05-21 21:17:48;4002;1400707068;AMS;BRU;Machelen;BE
302;0;2014-05-21 21:17:48;4002;1400707068;AMS;BRU;Machelen;BE
302;0;2014-05-21 21:17:48;4002;1400707068;AMS;BRU;Machelen;BE
302;0;2014-05-21 21:17:48;4002;1400707068;AMS;BRU;Machelen;BE
302;0;2014-05-21 21:18:13;4002;1400707093;AMS;BRU;Machelen;BE
302;0;2014-05-21 21:18:13;4002;1400707093;AMS;BRU;Machelen;BE
302;0;2014-05-21 21:18:13;4002;1400707093;AMS;BRU;Machelen;BE
302;0;2014-05-21 21:18:13;4002;1400707093;AMS;BRU;Machelen;BE
302;0;2014-05-21 21:18:27;4002;1400707107;AMS;BRU;Machelen;BE
302;0;2014-05-21 21:18:27;4002;1400707107;AMS;BRU;Machelen;BE
302;0;2014-05-21 21:18:27;4002;1400707107;AMS;BRU;Machelen;BE
302;0;2014-05-21 21:18:27;4002;1400707107;AMS;BRU;Machelen;BE
302;0;2014-05-21 21:18:55;4002;1400707135;AMS;BRU;Machelen;BE
302;0;2014-05-21 21:18:55;4002;1400707135;AMS;BRU;Machelen;BE
302;0;2014-05-21 21:18:55;4002;1400707135;AMS;BRU;Machelen;BE
302;0;2014-05-21 21:18:55;4002;1400707135;AMS;BRU;Machelen;BE
302;0;2014-05-21 21:18:55;4002;1400707135;AMS;BRU;Machelen;BE
302;0;2014-05-21 21:19:07;4002;1400707147;AMS;BRU;Machelen;BE
302;0;2014-05-21 21:19:07;4002;1400707147;AMS;BRU;Machelen;BE
302;0;2014-05-21 21:19:07;4002;1400707147;AMS;BRU;Machelen;BE
302;0;2014-05-21 21:19:07;4002;1400707147;AMS;BRU;Machelen;BE
302;0;2014-05-21 21:19:07;4002;1400707147;AMS;BRU;Machelen;BE
302;2;2014-05-21 21:19:13;4002;1400707153;AMS;BRU;Machelen;BE
302;2;2014-05-21 21:19:13;4002;1400707153;AMS;BRU;Machelen;BE
302;2;2014-05-21 21:19:13;4002;1400707153;AMS;BRU;Machelen;BE
302;2;2014-05-21 21:19:13;4002;1400707153;AMS;BRU;Machelen;BE
302;4;2014-05-21 21:20:05;4002;1400707205;AMS;BRU;Machelen;BE
302;90;2014-05-21 21:24:52;4002;1400707492;AMS;BRU;Machelen;BE
302;90;2014-05-21 21:27:52;4002;1400707672;AMS;BRU;UNK;UNK
302;90;2014-05-21 21:30:53;4002;1400707853;AMS;BRU;UNK;UNK
302;90;2014-05-21 21:31:01;4002;1400707861;AMS;BRU;UNK;UNK
302;90;2014-05-21 21:34:02;4002;1400708042;AMS;BRU;UNK;UNK
302;90;2014-05-21 21:37:03;4002;1400708223;AMS;BRU;UNK;UNK
302;90;2014-05-21 21:37:06;4002;1400708226;AMS;BRU;UNK;UNK
302;90;2014-05-21 21:40:06;4002;1400708406;AMS;BRU;UNK;UNK
302;90;2014-05-21 21:40:06;4002;1400708406;AMS;BRU;UNK;UNK
302;86;2014-05-21 21:43:05;4002;1400708585;AMS;BRU;UNK;UNK
302;90;2014-05-21 21:45:05;4002;1400708705;AMS;BRU;UNK;UNK
302;86;2014-05-21 21:46:22;4002;1400708782;AMS;BRU;UNK;UNK
302;76;2014-05-21 21:46:32;4002;1400708792;AMS;BRU;UNK;UNK
302;90;2014-05-21 21:47:09;4002;1400708829;AMS;BRU;UNK;UNK
302;90;2014-05-21 21:50:10;4002;1400709010;AMS;BRU;UNK;UNK
302;90;2014-05-21 21:53:11;4002;1400709191;AMS;BRU;UNK;UNK
302;88;2014-05-21 21:54:10;4002;1400709250;AMS;BRU;UNK;UNK
302;90;2014-05-21 21:55:47;4002;1400709347;AMS;BRU;UNK;UNK
302;88;2014-05-21 21:57:06;4002;1400709426;AMS;BRU;UNK;UNK
302;90;2014-05-21 21:58:33;4002;1400709513;AMS;BRU;UNK;UNK
302;90;2014-05-21 22:01:34;4002;1400709694;AMS;BRU;UNK;UNK
302;90;2014-05-21 22:04:34;4002;1400709874;AMS;BRU;UNK;UNK
302;90;2014-05-21 22:09:37;4002;1400710177;AMS;BRU;UNK;UNK
302;0;2014-05-21 22:19:10;4002;1400710750;AMS;BRU;Meer;BE
302;0;2014-05-21 22:19:10;4002;1400710750;AMS;BRU;Meer;BE
302;0;2014-05-21 22:19:10;4002;1400710750;AMS;BRU;Meer;BE
302;0;2014-05-21 22:19:10;4002;1400710750;AMS;BRU;Meer;BE
302;0;2014-05-21 22:19:18;4002;1400710758;AMS;BRU;Meer;BE
302;0;2014-05-21 22:21:03;4002;1400710863;AMS;BRU;Meer;BE
302;0;2014-05-21 22:29:12;4002;1400711352;AMS;BRU;Meer;BE
302;0;2014-05-21 22:29:44;4002;1400711384;AMS;BRU;Meer;BE
302;0;2014-05-21 22:29:44;4002;1400711384;AMS;BRU;Meer;BE
302;0;2014-05-21 22:29:44;4002;1400711384;AMS;BRU;Meer;BE
302;0;2014-05-21 22:29:44;4002;1400711384;AMS;BRU;Meer;BE
302;0;2014-05-21 22:30:17;4002;1400711417;AMS;BRU;Meer;BE
302;0;2014-05-21 22:30:17;4002;1400711417;AMS;BRU;Meer;BE
302;0;2014-05-21 22:30:17;4002;1400711417;AMS;BRU;Meer;BE
302;0;2014-05-21 22:30:17;4002;1400711417;AMS;BRU;Meer;BE
302;0;2014-05-21 22:30:24;4002;1400711424;AMS;BRU;Meer;BE
302;0;2014-05-21 22:30:24;4002;1400711424;AMS;BRU;Meer;BE
302;0;2014-05-21 22:30:24;4002;1400711424;AMS;BRU;Meer;BE
302;0;2014-05-21 22:30:24;4002;1400711424;AMS;BRU;Meer;BE
302;14;2014-05-21 22:31:04;4002;1400711464;AMS;BRU;UNK;UNK
302;74;2014-05-21 22:33:17;4002;1400711597;AMS;BRU;UNK;UNK
302;90;2014-05-21 22:36:05;4002;1400711765;AMS;BRU;UNK;UNK
302;86;2014-05-21 22:36:46;4002;1400711806;AMS;BRU;UNK;UNK
302;90;2014-05-21 22:37:46;4002;1400711866;AMS;BRU;UNK;UNK
302;90;2014-05-21 22:39:43;4002;1400711983;AMS;BRU;UNK;UNK
302;90;2014-05-21 22:40:39;4002;1400712039;AMS;BRU;UNK;UNK
302;90;2014-05-21 22:40:46;4002;1400712046;AMS;BRU;UNK;UNK
302;90;2014-05-21 22:40:48;4002;1400712048;AMS;BRU;UNK;UNK
302;90;2014-05-21 22:41:22;4002;1400712082;AMS;BRU;UNK;UNK
302;88;2014-05-21 22:43:49;4002;1400712229;AMS;BRU;UNK;UNK
302;90;2014-05-21 22:44:09;4002;1400712249;AMS;BRU;UNK;UNK
302;88;2014-05-21 22:44:34;4002;1400712274;AMS;BRU;UNK;UNK
302;90;2014-05-21 22:46:51;4002;1400712411;AMS;BRU;UNK;UNK
302;86;2014-05-21 22:49:52;4002;1400712592;AMS;BRU;UNK;UNK
302;90;2014-05-21 22:50:10;4002;1400712610;AMS;BRU;UNK;UNK
302;90;2014-05-21 22:53:11;4002;1400712791;AMS;BRU;UNK;UNK
302;90;2014-05-21 22:56:11;4002;1400712971;AMS;BRU;UNK;UNK
302;90;2014-05-21 22:56:15;4002;1400712975;AMS;BRU;UNK;UNK
302;90;2014-05-21 22:59:16;4002;1400713156;AMS;BRU;UNK;UNK
302;90;2014-05-21 22:59:34;4002;1400713174;AMS;BRU;UNK;UNK
302;86;2014-05-21 23:00:47;4002;1400713247;AMS;BRU;UNK;UNK
302;90;2014-05-21 23:01:23;4002;1400713283;AMS;BRU;UNK;UNK
302;90;2014-05-21 23:04:24;4002;1400713464;AMS;BRU;UNK;UNK
302;86;2014-05-21 23:05:22;4002;1400713522;AMS;BRU;UNK;UNK
302;78;2014-05-21 23:10:24;4002;1400713824;AMS;BRU;UNK;UNK
302;90;2014-05-21 23:15:27;4002;1400714127;AMS;BRU;UNK;UNK
302;80;2014-05-21 23:20:30;4002;1400714430;AMS;BRU;UNK;UNK
302;90;2014-05-21 23:25:32;4002;1400714732;AMS;BRU;UNK;UNK
302;90;2014-05-21 23:30:34;4002;1400715034;AMS;BRU;UNK;UNK
302;80;2014-05-21 23:35:35;4002;1400715335;AMS;BRU;UNK;UNK
302;80;2014-05-21 23:40:36;4002;1400715636;AMS;BRU;UNK;UNK
302;90;2014-05-21 23:43:15;4002;1400715795;AMS;BRU;UNK;UNK
302;86;2014-05-21 23:43:26;4002;1400715806;AMS;BRU;UNK;UNK
302;90;2014-05-21 23:44:13;4002;1400715853;AMS;BRU;UNK;UNK
302;88;2014-05-21 23:45:12;4002;1400715912;AMS;BRU;UNK;UNK
302;90;2014-05-21 23:46:33;4002;1400715993;AMS;BRU;UNK;UNK
302;90;2014-05-21 23:49:34;4002;1400716174;AMS;BRU;UNK;UNK
302;90;2014-05-21 23:49:44;4002;1400716184;AMS;BRU;UNK;UNK
302;88;2014-05-21 23:52:45;4002;1400716365;AMS;BRU;UNK;UNK
302;90;2014-05-21 23:53:01;4002;1400716381;AMS;BRU;UNK;UNK
302;90;2014-05-21 23:56:02;4002;1400716562;AMS;BRU;Luchthaven Schiphol;NL
302;90;2014-05-21 23:56:08;4002;1400716568;AMS;BRU;Luchthaven Schiphol;NL
302;86;2014-05-21 23:57:01;4002;1400716621;AMS;BRU;Luchthaven Schiphol;NL
302;8;2014-05-21 23:58:18;4002;1400716698;AMS;BRU;Luchthaven Schiphol;NL
302;14;2014-05-21 23:58:19;4002;1400716699;AMS;BRU;Luchthaven Schiphol;NL
302;0;2014-05-22 00:02:24;4002;1400716944;AMS;BRU;Luchthaven Schiphol;NL
302;0;2014-05-22 00:02:24;4002;1400716944;AMS;BRU;Luchthaven Schiphol;NL
302;0;2014-05-22 00:02:24;4002;1400716944;AMS;BRU;Luchthaven Schiphol;NL
302;0;2014-05-22 00:02:24;4002;1400716944;AMS;BRU;Luchthaven Schiphol;NL
302;0;2014-05-22 00:02:28;4002;1400716948;AMS;BRU;Luchthaven Schiphol;NL
302;0;2014-05-22 00:05:04;4002;1400717104;AMS;BRU;Luchthaven Schiphol;NL
302;0;2014-05-22 00:15:11;4002;1400717711;AMS;BRU;Luchthaven Schiphol;NL
302;0;2014-05-22 00:16:34;4002;1400717794;AMS;BRU;Luchthaven Schiphol;NL
302;0;2014-05-22 00:19:03;4002;1400717943;AMS;BRU;Luchthaven Schiphol;NL
302;4;2014-05-22 00:28:18;4002;1400718498;AMS;BRU;Luchthaven Schiphol;NL
302;2;2014-05-22 00:28:22;4002;1400718502;AMS;BRU;Luchthaven Schiphol;NL
302;0;2014-05-22 00:29:54;4002;1400718594;AMS;BRU;Luchthaven Schiphol;NL
302;0;2014-05-22 00:29:59;4002;1400718599;AMS;BRU;Luchthaven Schiphol;NL
302;0;2014-05-22 00:29:59;4002;1400718599;AMS;BRU;Luchthaven Schiphol;NL
302;0;2014-05-22 00:29:59;4002;1400718599;AMS;BRU;Luchthaven Schiphol;NL
302;0;2014-05-22 00:29:59;4002;1400718599;AMS;BRU;Luchthaven Schiphol;NL
302;0;2014-05-22 00:29:59;4002;1400718599;AMS;BRU;Luchthaven Schiphol;NL
302;0;2014-05-22 00:30:03;4002;1400718603;AMS;BRU;Luchthaven Schiphol;NL
302;0;2014-05-22 00:30:04;4002;1400718604;AMS;BRU;Luchthaven Schiphol;NL
302;0;2014-05-22 00:30:04;4002;1400718604;AMS;BRU;Luchthaven Schiphol;NL
302;0;2014-05-22 00:30:04;4002;1400718604;AMS;BRU;Luchthaven Schiphol;NL
302;0;2014-05-22 00:30:04;4002;1400718604;AMS;BRU;Luchthaven Schiphol;NL
302;2;2014-05-22 00:30:09;4002;1400718609;AMS;BRU;Luchthaven Schiphol;NL
302;2;2014-05-22 00:30:09;4002;1400718609;AMS;BRU;Luchthaven Schiphol;NL
302;2;2014-05-22 00:30:09;4002;1400718609;AMS;BRU;Luchthaven Schiphol;NL
302;2;2014-05-22 00:30:09;4002;1400718609;AMS;BRU;Luchthaven Schiphol;NL
302;0;2014-05-22 00:35:11;4002;1400718911;AMS;BRU;Luchthaven Schiphol;NL
302;10;2014-05-22 00:40:12;4002;1400719212;AMS;BRU;Luchthaven Schiphol;NL
302;0;2014-05-22 00:41:09;4002;1400719269;AMS;BRU;Luchthaven Schiphol;NL
302;0;2014-05-22 00:41:09;4002;1400719269;AMS;BRU;Luchthaven Schiphol;NL
302;0;2014-05-22 00:41:09;4002;1400719269;AMS;BRU;Luchthaven Schiphol;NL
302;0;2014-05-22 00:41:09;4002;1400719269;AMS;BRU;Luchthaven Schiphol;NL
302;0;2014-05-22 00:41:12;4002;1400719272;AMS;BRU;Luchthaven Schiphol;NL
302;0;2014-05-22 00:43:03;4002;1400719383;AMS;BRU;Luchthaven Schiphol;NL
302;0;2014-05-22 00:54:11;4002;1400720051;AMS;BRU;Luchthaven Schiphol;NL
302;0;2014-05-22 01:11:21;4002;1400721081;AMS;BRU;Luchthaven Schiphol;NL
302;0;2014-05-22 01:13:55;4002;1400721235;AMS;BRU;Luchthaven Schiphol;NL
302;0;2014-05-22 01:14:00;4002;1400721240;AMS;BRU;Luchthaven Schiphol;NL
302;0;2014-05-22 01:14:00;4002;1400721240;AMS;BRU;Luchthaven Schiphol;NL
302;0;2014-05-22 01:14:00;4002;1400721240;AMS;BRU;Luchthaven Schiphol;NL
302;0;2014-05-22 01:14:00;4002;1400721240;AMS;BRU;Luchthaven Schiphol;NL
302;0;2014-05-22 01:14:00;4002;1400721240;AMS;BRU;Luchthaven Schiphol;NL
302;0;2014-05-22 01:14:06;4002;1400721246;AMS;BRU;Luchthaven Schiphol;NL
302;0;2014-05-22 01:14:07;4002;1400721247;AMS;BRU;Luchthaven Schiphol;NL
302;0;2014-05-22 01:14:07;4002;1400721247;AMS;BRU;Luchthaven Schiphol;NL
302;0;2014-05-22 01:14:07;4002;1400721247;AMS;BRU;Luchthaven Schiphol;NL
302;0;2014-05-22 01:14:07;4002;1400721247;AMS;BRU;Luchthaven Schiphol;NL
303;0;2014-05-21 22:22:53;4003;1400710973;AMS;BRU;Machelen;BE
303;0;2014-05-21 22:22:53;4003;1400710973;AMS;BRU;Machelen;BE
303;0;2014-05-21 22:22:54;4003;1400710974;AMS;BRU;Machelen;BE
303;0;2014-05-21 22:23:11;4003;1400710991;AMS;BRU;Machelen;BE
303;0;2014-05-21 22:23:11;4003;1400710991;AMS;BRU;Machelen;BE
303;0;2014-05-21 22:23:11;4003;1400710991;AMS;BRU;Machelen;BE
303;2;2014-05-21 22:23:27;4003;1400711007;AMS;BRU;Machelen;BE
303;2;2014-05-21 22:23:27;4003;1400711007;AMS;BRU;Machelen;BE
303;14;2014-05-21 22:23:58;4003;1400711038;AMS;BRU;Machelen;BE
303;86;2014-05-21 22:29:41;4003;1400711381;AMS;BRU;Machelen;BE
303;84;2014-05-21 22:35:24;4003;1400711724;AMS;BRU;UNK;UNK
303;84;2014-05-21 22:41:00;4003;1400712060;AMS;BRU;UNK;UNK
303;86;2014-05-21 22:46:36;4003;1400712396;AMS;BRU;UNK;UNK
303;86;2014-05-21 22:52:23;4003;1400712743;AMS;BRU;UNK;UNK
303;66;2014-05-21 22:58:08;4003;1400713088;AMS;BRU;UNK;UNK
303;84;2014-05-21 23:03:41;4003;1400713421;AMS;BRU;UNK;UNK
303;86;2014-05-21 23:09:10;4003;1400713750;AMS;BRU;UNK;UNK
303;86;2014-05-21 23:14:34;4003;1400714074;AMS;BRU;UNK;UNK
303;86;2014-05-21 23:19:33;4003;1400714373;AMS;BRU;UNK;UNK
303;86;2014-05-21 23:25:01;4003;1400714701;AMS;BRU;UNK;UNK
303;86;2014-05-21 23:30:30;4003;1400715030;AMS;BRU;UNK;UNK
303;84;2014-05-21 23:35:56;4003;1400715356;AMS;BRU;UNK;UNK
303;86;2014-05-21 23:41:22;4003;1400715682;AMS;BRU;UNK;UNK
303;84;2014-05-21 23:46:47;4003;1400716007;AMS;BRU;UNK;UNK
303;84;2014-05-21 23:52:22;4003;1400716342;AMS;BRU;UNK;UNK
303;84;2014-05-21 23:58:02;4003;1400716682;AMS;BRU;UNK;UNK
303;80;2014-05-22 00:03:45;4003;1400717025;AMS;BRU;UNK;UNK
303;82;2014-05-22 00:09:26;4003;1400717366;AMS;BRU;UNK;UNK
303;86;2014-05-22 00:14:53;4003;1400717693;AMS;BRU;UNK;UNK
303;85;2014-05-22 00:19:43;4003;1400717983;AMS;BRU;UNK;UNK
303;86;2014-05-22 00:20:42;4003;1400718042;AMS;BRU;UNK;UNK
303;82;2014-05-22 00:26:30;4003;1400718390;AMS;BRU;UNK;UNK
303;76;2014-05-22 00:32:04;4003;1400718724;AMS;BRU;UNK;UNK
303;82;2014-05-22 00:37:35;4003;1400719055;AMS;BRU;UNK;UNK
303;80;2014-05-22 00:48:40;4003;1400719720;AMS;BRU;UNK;UNK
303;2;2014-05-22 00:59:59;4003;1400720399;AMS;BRU;Luchthaven Schiphol;NL
303;0;2014-05-22 01:02:30;4003;1400720550;AMS;BRU;Luchthaven Schiphol;NL
303;0;2014-05-22 01:02:30;4003;1400720550;AMS;BRU;Luchthaven Schiphol;NL
303;0;2014-05-22 01:02:31;4003;1400720551;AMS;BRU;Luchthaven Schiphol;NL
303;0;2014-05-22 01:21:57;4003;1400721717;AMS;BRU;Luchthaven Schiphol;NL
303;0;2014-05-22 01:22:42;4003;1400721762;AMS;BRU;Luchthaven Schiphol;NL
303;0;2014-05-22 01:40:04;4003;1400722804;AMS;BRU;Luchthaven Schiphol;NL
303;0;2014-05-22 01:57:27;4003;1400723847;AMS;BRU;Luchthaven Schiphol;NL
303;0;2014-05-22 02:14:44;4003;1400724884;AMS;BRU;Luchthaven Schiphol;NL
303;0;2014-05-22 02:15:21;4003;1400724921;AMS;BRU;Luchthaven Schiphol;NL
303;0;2014-05-22 02:27:17;4003;1400725637;AMS;BRU;Luchthaven Schiphol;NL
303;0;2014-05-22 02:27:17;4003;1400725637;AMS;BRU;Luchthaven Schiphol;NL
303;0;2014-05-22 02:31:06;4003;1400725866;AMS;BRU;Luchthaven Schiphol;NL
303;0;2014-05-22 02:31:06;4003;1400725866;AMS;BRU;Luchthaven Schiphol;NL
303;0;2014-05-22 02:31:07;4003;1400725867;AMS;BRU;Luchthaven Schiphol;NL
303;0;2014-05-22 02:32:42;4003;1400725962;AMS;BRU;Luchthaven Schiphol;NL
303;0;2014-05-22 02:32:42;4003;1400725962;AMS;BRU;Luchthaven Schiphol;NL
303;0;2014-05-22 02:32:42;4003;1400725962;AMS;BRU;Luchthaven Schiphol;NL
304;0;2014-05-23 21:47:34;4004;1400881654;AMS;BRU;Machelen;BE
304;0;2014-05-23 21:47:34;4004;1400881654;AMS;BRU;Machelen;BE
304;0;2014-05-23 21:47:34;4004;1400881654;AMS;BRU;Machelen;BE
304;0;2014-05-23 21:47:34;4004;1400881654;AMS;BRU;Machelen;BE
304;0;2014-05-23 21:47:34;4004;1400881654;AMS;BRU;Machelen;BE
304;0;2014-05-23 21:47:34;4004;1400881654;AMS;BRU;Machelen;BE
304;0;2014-05-23 21:47:34;4004;1400881654;AMS;BRU;Machelen;BE
304;0;2014-05-23 21:47:34;4004;1400881654;AMS;BRU;Machelen;BE
304;0;2014-05-23 21:47:34;4004;1400881654;AMS;BRU;Machelen;BE
304;0;2014-05-23 21:47:34;4004;1400881654;AMS;BRU;Machelen;BE
304;0;2014-05-23 21:47:46;4004;1400881666;AMS;BRU;Machelen;BE
304;0;2014-05-23 21:47:46;4004;1400881666;AMS;BRU;Machelen;BE
304;0;2014-05-23 21:47:47;4004;1400881667;AMS;BRU;Machelen;BE
304;0;2014-05-23 21:47:47;4004;1400881667;AMS;BRU;Machelen;BE
304;0;2014-05-23 21:47:47;4004;1400881667;AMS;BRU;Machelen;BE
304;0;2014-05-23 21:47:47;4004;1400881667;AMS;BRU;Machelen;BE
304;0;2014-05-23 21:47:47;4004;1400881667;AMS;BRU;Machelen;BE
304;0;2014-05-23 21:47:47;4004;1400881667;AMS;BRU;Machelen;BE
304;0;2014-05-23 21:47:47;4004;1400881667;AMS;BRU;Machelen;BE
304;0;2014-05-23 21:47:47;4004;1400881667;AMS;BRU;Machelen;BE
304;2;2014-05-23 21:47:57;4004;1400881677;AMS;BRU;Machelen;BE
304;2;2014-05-23 21:47:57;4004;1400881677;AMS;BRU;Machelen;BE
304;2;2014-05-23 21:47:57;4004;1400881677;AMS;BRU;Machelen;BE
304;2;2014-05-23 21:47:57;4004;1400881677;AMS;BRU;Machelen;BE
304;2;2014-05-23 21:47:57;4004;1400881677;AMS;BRU;Machelen;BE
304;2;2014-05-23 21:47:57;4004;1400881677;AMS;BRU;Machelen;BE
304;2;2014-05-23 21:47:57;4004;1400881677;AMS;BRU;Machelen;BE
304;2;2014-05-23 21:47:57;4004;1400881677;AMS;BRU;Machelen;BE
304;10;2014-05-23 21:48:17;4004;1400881697;AMS;BRU;Machelen;BE
304;10;2014-05-23 21:48:17;4004;1400881697;AMS;BRU;Machelen;BE
304;90;2014-05-23 21:50:13;4004;1400881813;AMS;BRU;Machelen;BE
304;90;2014-05-23 21:50:13;4004;1400881813;AMS;BRU;UNK;UNK
304;90;2014-05-23 21:50:13;4004;1400881813;AMS;BRU;UNK;UNK
304;90;2014-05-23 21:50:13;4004;1400881813;AMS;BRU;UNK;UNK
304;90;2014-05-23 21:55:25;4004;1400882125;AMS;BRU;UNK;UNK
304;90;2014-05-23 21:55:25;4004;1400882125;AMS;BRU;UNK;UNK
304;90;2014-05-23 21:55:27;4004;1400882127;AMS;BRU;UNK;UNK
304;90;2014-05-23 21:55:27;4004;1400882127;AMS;BRU;UNK;UNK
304;90;2014-05-23 21:55:27;4004;1400882127;AMS;BRU;UNK;UNK
304;90;2014-05-23 21:55:27;4004;1400882127;AMS;BRU;UNK;UNK
304;90;2014-05-23 21:55:27;4004;1400882127;AMS;BRU;UNK;UNK
304;90;2014-05-23 21:55:27;4004;1400882127;AMS;BRU;UNK;UNK
304;88;2014-05-23 22:00:45;4004;1400882445;AMS;BRU;UNK;UNK
304;88;2014-05-23 22:00:45;4004;1400882445;AMS;BRU;UNK;UNK
304;88;2014-05-23 22:06:05;4004;1400882765;AMS;BRU;UNK;UNK
304;88;2014-05-23 22:06:05;4004;1400882765;AMS;BRU;UNK;UNK
304;90;2014-05-23 22:11:21;4004;1400883081;AMS;BRU;UNK;UNK
304;90;2014-05-23 22:11:21;4004;1400883081;AMS;BRU;UNK;UNK
304;88;2014-05-23 22:12:22;4004;1400883142;AMS;BRU;UNK;UNK
304;88;2014-05-23 22:12:22;4004;1400883142;AMS;BRU;UNK;UNK
304;90;2014-05-23 22:12:37;4004;1400883157;AMS;BRU;UNK;UNK
304;90;2014-05-23 22:12:37;4004;1400883157;AMS;BRU;UNK;UNK
304;90;2014-05-23 22:15:37;4004;1400883337;AMS;BRU;UNK;UNK
304;90;2014-05-23 22:15:37;4004;1400883337;AMS;BRU;UNK;UNK
304;90;2014-05-23 22:20:12;4004;1400883612;AMS;BRU;UNK;UNK
304;90;2014-05-23 22:20:12;4004;1400883612;AMS;BRU;UNK;UNK
304;88;2014-05-23 22:25:26;4004;1400883926;AMS;BRU;UNK;UNK
304;88;2014-05-23 22:25:26;4004;1400883926;AMS;BRU;UNK;UNK
304;88;2014-05-23 22:30:41;4004;1400884241;AMS;BRU;UNK;UNK
304;88;2014-05-23 22:30:41;4004;1400884241;AMS;BRU;UNK;UNK
304;90;2014-05-23 22:35:13;4004;1400884513;AMS;BRU;UNK;UNK
304;90;2014-05-23 22:35:13;4004;1400884513;AMS;BRU;UNK;UNK
304;84;2014-05-23 22:40:29;4004;1400884829;AMS;BRU;UNK;UNK
304;84;2014-05-23 22:40:29;4004;1400884829;AMS;BRU;UNK;UNK
304;0;2014-05-23 22:45:30;4004;1400885130;AMS;BRU;UNK;UNK
304;0;2014-05-23 22:45:30;4004;1400885130;AMS;BRU;Breda;NL
304;0;2014-05-23 22:45:30;4004;1400885130;AMS;BRU;Breda;NL
304;0;2014-05-23 22:45:30;4004;1400885130;AMS;BRU;Breda;NL
304;0;2014-05-23 22:45:30;4004;1400885130;AMS;BRU;Breda;NL
304;0;2014-05-23 22:45:30;4004;1400885130;AMS;BRU;Breda;NL
304;0;2014-05-23 22:45:30;4004;1400885130;AMS;BRU;Breda;NL
304;0;2014-05-23 22:45:30;4004;1400885130;AMS;BRU;Breda;NL
304;0;2014-05-23 22:45:30;4004;1400885130;AMS;BRU;Breda;NL
304;0;2014-05-23 22:45:30;4004;1400885130;AMS;BRU;Breda;NL
304;0;2014-05-23 22:48:15;4004;1400885295;AMS;BRU;Breda;NL
304;0;2014-05-23 22:48:15;4004;1400885295;AMS;BRU;Breda;NL
304;0;2014-05-23 22:58:02;4004;1400885882;AMS;BRU;Breda;NL
304;0;2014-05-23 22:58:02;4004;1400885882;AMS;BRU;Breda;NL
304;0;2014-05-23 23:00:25;4004;1400886025;AMS;BRU;Breda;NL
304;0;2014-05-23 23:00:25;4004;1400886025;AMS;BRU;Breda;NL
304;0;2014-05-23 23:00:25;4004;1400886025;AMS;BRU;Breda;NL
304;0;2014-05-23 23:00:25;4004;1400886025;AMS;BRU;Breda;NL
304;0;2014-05-23 23:00:25;4004;1400886025;AMS;BRU;Breda;NL
304;0;2014-05-23 23:00:25;4004;1400886025;AMS;BRU;Breda;NL
304;0;2014-05-23 23:00:25;4004;1400886025;AMS;BRU;Breda;NL
304;0;2014-05-23 23:00:25;4004;1400886025;AMS;BRU;Breda;NL
304;0;2014-05-23 23:00:30;4004;1400886030;AMS;BRU;Breda;NL
304;0;2014-05-23 23:00:30;4004;1400886030;AMS;BRU;Breda;NL
304;0;2014-05-23 23:00:30;4004;1400886030;AMS;BRU;Breda;NL
304;0;2014-05-23 23:00:30;4004;1400886030;AMS;BRU;Breda;NL
304;0;2014-05-23 23:00:30;4004;1400886030;AMS;BRU;Breda;NL
304;0;2014-05-23 23:00:30;4004;1400886030;AMS;BRU;Breda;NL
304;0;2014-05-23 23:00:30;4004;1400886030;AMS;BRU;Breda;NL
304;0;2014-05-23 23:00:30;4004;1400886030;AMS;BRU;Breda;NL
304;0;2014-05-23 23:00:42;4004;1400886042;AMS;BRU;Breda;NL
304;0;2014-05-23 23:00:42;4004;1400886042;AMS;BRU;Breda;NL
304;0;2014-05-23 23:00:42;4004;1400886042;AMS;BRU;Breda;NL
304;0;2014-05-23 23:00:42;4004;1400886042;AMS;BRU;Breda;NL
304;0;2014-05-23 23:00:42;4004;1400886042;AMS;BRU;Breda;NL
304;0;2014-05-23 23:00:42;4004;1400886042;AMS;BRU;Breda;NL
304;0;2014-05-23 23:00:42;4004;1400886042;AMS;BRU;Breda;NL
304;0;2014-05-23 23:00:42;4004;1400886042;AMS;BRU;Breda;NL
304;6;2014-05-23 23:00:53;4004;1400886053;AMS;BRU;UNK;UNK
304;6;2014-05-23 23:00:53;4004;1400886053;AMS;BRU;UNK;UNK
304;14;2014-05-23 23:01:16;4004;1400886076;AMS;BRU;UNK;UNK
304;14;2014-05-23 23:01:16;4004;1400886076;AMS;BRU;UNK;UNK
304;86;2014-05-23 23:06:39;4004;1400886399;AMS;BRU;UNK;UNK
304;86;2014-05-23 23:06:39;4004;1400886399;AMS;BRU;UNK;UNK
304;86;2014-05-23 23:08:38;4004;1400886518;AMS;BRU;UNK;UNK
304;86;2014-05-23 23:08:38;4004;1400886518;AMS;BRU;UNK;UNK
304;90;2014-05-23 23:13:57;4004;1400886837;AMS;BRU;UNK;UNK
304;90;2014-05-23 23:13:57;4004;1400886837;AMS;BRU;UNK;UNK
304;90;2014-05-23 23:17:13;4004;1400887033;AMS;BRU;UNK;UNK
304;90;2014-05-23 23:17:13;4004;1400887033;AMS;BRU;UNK;UNK
304;90;2014-05-23 23:20:10;4004;1400887210;AMS;BRU;UNK;UNK
304;90;2014-05-23 23:20:10;4004;1400887210;AMS;BRU;UNK;UNK
304;90;2014-05-23 23:20:44;4004;1400887244;AMS;BRU;UNK;UNK
304;90;2014-05-23 23:20:44;4004;1400887244;AMS;BRU;UNK;UNK
304;90;2014-05-23 23:20:51;4004;1400887251;AMS;BRU;UNK;UNK
304;90;2014-05-23 23:20:51;4004;1400887251;AMS;BRU;UNK;UNK
304;90;2014-05-23 23:20:51;4004;1400887251;AMS;BRU;UNK;UNK
304;90;2014-05-23 23:20:51;4004;1400887251;AMS;BRU;UNK;UNK
304;90;2014-05-23 23:20:52;4004;1400887252;AMS;BRU;UNK;UNK
304;90;2014-05-23 23:20:52;4004;1400887252;AMS;BRU;UNK;UNK
304;90;2014-05-23 23:20:52;4004;1400887252;AMS;BRU;UNK;UNK
304;90;2014-05-23 23:20:52;4004;1400887252;AMS;BRU;UNK;UNK
304;90;2014-05-23 23:20:52;4004;1400887252;AMS;BRU;UNK;UNK
304;90;2014-05-23 23:20:52;4004;1400887252;AMS;BRU;UNK;UNK
304;90;2014-05-23 23:20:52;4004;1400887252;AMS;BRU;UNK;UNK
304;90;2014-05-23 23:20:52;4004;1400887252;AMS;BRU;UNK;UNK
304;90;2014-05-23 23:20:57;4004;1400887257;AMS;BRU;UNK;UNK
304;90;2014-05-23 23:20:57;4004;1400887257;AMS;BRU;UNK;UNK
304;90;2014-05-23 23:20:57;4004;1400887257;AMS;BRU;UNK;UNK
304;90;2014-05-23 23:20:57;4004;1400887257;AMS;BRU;UNK;UNK
304;90;2014-05-23 23:20:57;4004;1400887257;AMS;BRU;UNK;UNK
304;90;2014-05-23 23:20:57;4004;1400887257;AMS;BRU;UNK;UNK
304;90;2014-05-23 23:20:57;4004;1400887257;AMS;BRU;UNK;UNK
304;90;2014-05-23 23:20:57;4004;1400887257;AMS;BRU;UNK;UNK
304;88;2014-05-23 23:21:08;4004;1400887268;AMS;BRU;UNK;UNK
304;88;2014-05-23 23:21:08;4004;1400887268;AMS;BRU;UNK;UNK
304;88;2014-05-23 23:21:15;4004;1400887275;AMS;BRU;UNK;UNK
304;88;2014-05-23 23:21:15;4004;1400887275;AMS;BRU;UNK;UNK
304;88;2014-05-23 23:21:15;4004;1400887275;AMS;BRU;UNK;UNK
304;88;2014-05-23 23:21:15;4004;1400887275;AMS;BRU;UNK;UNK
304;90;2014-05-23 23:21:15;4004;1400887275;AMS;BRU;UNK;UNK
304;90;2014-05-23 23:21:15;4004;1400887275;AMS;BRU;UNK;UNK
304;90;2014-05-23 23:26:41;4004;1400887601;AMS;BRU;UNK;UNK
304;90;2014-05-23 23:26:41;4004;1400887601;AMS;BRU;UNK;UNK
304;90;2014-05-23 23:27:38;4004;1400887658;AMS;BRU;UNK;UNK
304;90;2014-05-23 23:27:38;4004;1400887658;AMS;BRU;UNK;UNK
304;96;2014-05-23 23:27:48;4004;1400887668;AMS;BRU;UNK;UNK
304;96;2014-05-23 23:27:48;4004;1400887668;AMS;BRU;UNK;UNK
304;86;2014-05-23 23:28:06;4004;1400887686;AMS;BRU;UNK;UNK
304;86;2014-05-23 23:28:06;4004;1400887686;AMS;BRU;UNK;UNK
304;84;2014-05-23 23:28:08;4004;1400887688;AMS;BRU;UNK;UNK
304;84;2014-05-23 23:28:08;4004;1400887688;AMS;BRU;UNK;UNK
304;90;2014-05-23 23:33:23;4004;1400888003;AMS;BRU;UNK;UNK
304;90;2014-05-23 23:33:23;4004;1400888003;AMS;BRU;UNK;UNK
304;90;2014-05-23 23:37:12;4004;1400888232;AMS;BRU;UNK;UNK
304;90;2014-05-23 23:37:12;4004;1400888232;AMS;BRU;UNK;UNK
304;90;2014-05-23 23:37:13;4004;1400888233;AMS;BRU;UNK;UNK
304;90;2014-05-23 23:37:13;4004;1400888233;AMS;BRU;UNK;UNK
304;90;2014-05-23 23:40:14;4004;1400888414;AMS;BRU;UNK;UNK
304;90;2014-05-23 23:40:14;4004;1400888414;AMS;BRU;UNK;UNK
304;80;2014-05-23 23:45:29;4004;1400888729;AMS;BRU;UNK;UNK
304;80;2014-05-23 23:45:29;4004;1400888729;AMS;BRU;UNK;UNK
304;86;2014-05-23 23:50:43;4004;1400889043;AMS;BRU;UNK;UNK
304;86;2014-05-23 23:50:43;4004;1400889043;AMS;BRU;UNK;UNK
304;86;2014-05-23 23:53:13;4004;1400889193;AMS;BRU;UNK;UNK
304;86;2014-05-23 23:53:13;4004;1400889193;AMS;BRU;UNK;UNK
304;86;2014-05-23 23:58:27;4004;1400889507;AMS;BRU;UNK;UNK
304;86;2014-05-23 23:58:27;4004;1400889507;AMS;BRU;UNK;UNK
304;82;2014-05-24 00:03:40;4004;1400889820;AMS;BRU;UNK;UNK
304;82;2014-05-24 00:03:40;4004;1400889820;AMS;BRU;UNK;UNK
304;82;2014-05-24 00:08:51;4004;1400890131;AMS;BRU;UNK;UNK
304;82;2014-05-24 00:08:51;4004;1400890131;AMS;BRU;UNK;UNK
304;82;2014-05-24 00:09:12;4004;1400890152;AMS;BRU;UNK;UNK
304;82;2014-05-24 00:09:12;4004;1400890152;AMS;BRU;UNK;UNK
304;82;2014-05-24 00:14:27;4004;1400890467;AMS;BRU;UNK;UNK
304;82;2014-05-24 00:14:27;4004;1400890467;AMS;BRU;UNK;UNK
304;82;2014-05-24 00:19:41;4004;1400890781;AMS;BRU;UNK;UNK
304;82;2014-05-24 00:19:41;4004;1400890781;AMS;BRU;UNK;UNK
304;18;2014-05-24 00:24:14;4004;1400891054;AMS;BRU;Luchthaven Schiphol;NL
304;18;2014-05-24 00:24:14;4004;1400891054;AMS;BRU;Luchthaven Schiphol;NL
304;4;2014-05-24 00:29:30;4004;1400891370;AMS;BRU;Luchthaven Schiphol;NL
304;4;2014-05-24 00:29:30;4004;1400891370;AMS;BRU;Luchthaven Schiphol;NL
304;6;2014-05-24 00:34:45;4004;1400891685;AMS;BRU;Luchthaven Schiphol;NL
304;6;2014-05-24 00:34:45;4004;1400891685;AMS;BRU;Luchthaven Schiphol;NL
304;0;2014-05-24 00:36:03;4004;1400891763;AMS;BRU;Luchthaven Schiphol;NL
304;0;2014-05-24 00:36:03;4004;1400891763;AMS;BRU;Luchthaven Schiphol;NL
304;0;2014-05-24 00:36:03;4004;1400891763;AMS;BRU;Luchthaven Schiphol;NL
304;0;2014-05-24 00:36:03;4004;1400891763;AMS;BRU;Luchthaven Schiphol;NL
304;0;2014-05-24 00:36:03;4004;1400891763;AMS;BRU;Luchthaven Schiphol;NL
304;0;2014-05-24 00:36:03;4004;1400891763;AMS;BRU;Luchthaven Schiphol;NL
304;0;2014-05-24 00:36:03;4004;1400891763;AMS;BRU;Luchthaven Schiphol;NL
304;0;2014-05-24 00:36:03;4004;1400891763;AMS;BRU;Luchthaven Schiphol;NL
304;0;2014-05-24 00:36:03;4004;1400891763;AMS;BRU;Luchthaven Schiphol;NL
304;0;2014-05-24 00:36:03;4004;1400891763;AMS;BRU;Luchthaven Schiphol;NL
304;0;2014-05-24 00:38:12;4004;1400891892;AMS;BRU;Luchthaven Schiphol;NL
304;0;2014-05-24 00:38:12;4004;1400891892;AMS;BRU;Luchthaven Schiphol;NL
304;0;2014-05-24 00:54:00;4004;1400892840;AMS;BRU;Luchthaven Schiphol;NL
304;0;2014-05-24 00:54:00;4004;1400892840;AMS;BRU;Luchthaven Schiphol;NL
304;0;2014-05-24 00:58:04;4004;1400893084;AMS;BRU;Luchthaven Schiphol;NL
304;0;2014-05-24 00:58:04;4004;1400893084;AMS;BRU;Luchthaven Schiphol;NL
304;0;2014-05-24 00:58:48;4004;1400893128;AMS;BRU;Luchthaven Schiphol;NL
304;0;2014-05-24 00:58:48;4004;1400893128;AMS;BRU;Luchthaven Schiphol;NL
304;2;2014-05-24 00:59:12;4004;1400893152;AMS;BRU;Luchthaven Schiphol;NL
304;2;2014-05-24 00:59:12;4004;1400893152;AMS;BRU;Luchthaven Schiphol;NL
304;0;2014-05-24 01:04:13;4004;1400893453;AMS;BRU;Luchthaven Schiphol;NL
304;0;2014-05-24 01:04:13;4004;1400893453;AMS;BRU;Luchthaven Schiphol;NL
304;0;2014-05-24 01:05:13;4004;1400893513;AMS;BRU;Luchthaven Schiphol;NL
304;0;2014-05-24 01:05:13;4004;1400893513;AMS;BRU;Luchthaven Schiphol;NL
304;0;2014-05-24 01:06:11;4004;1400893571;AMS;BRU;Luchthaven Schiphol;NL
304;0;2014-05-24 01:06:11;4004;1400893571;AMS;BRU;Luchthaven Schiphol;NL
304;0;2014-05-24 01:07:15;4004;1400893635;AMS;BRU;Luchthaven Schiphol;NL
304;0;2014-05-24 01:07:15;4004;1400893635;AMS;BRU;Luchthaven Schiphol;NL
304;0;2014-05-24 01:08:12;4004;1400893692;AMS;BRU;Luchthaven Schiphol;NL
304;0;2014-05-24 01:08:12;4004;1400893692;AMS;BRU;Luchthaven Schiphol;NL
304;0;2014-05-24 01:24:00;4004;1400894640;AMS;BRU;Luchthaven Schiphol;NL
304;0;2014-05-24 01:24:00;4004;1400894640;AMS;BRU;Luchthaven Schiphol;NL
304;0;2014-05-24 01:29:34;4004;1400894974;AMS;BRU;Luchthaven Schiphol;NL
304;0;2014-05-24 01:29:34;4004;1400894974;AMS;BRU;Luchthaven Schiphol;NL
304;0;2014-05-24 01:30:12;4004;1400895012;AMS;BRU;Luchthaven Schiphol;NL
304;0;2014-05-24 01:30:12;4004;1400895012;AMS;BRU;Luchthaven Schiphol;NL
304;4;2014-05-24 01:32:13;4004;1400895133;AMS;BRU;Luchthaven Schiphol;NL
304;4;2014-05-24 01:32:13;4004;1400895133;AMS;BRU;Luchthaven Schiphol;NL
304;0;2014-05-24 01:35:12;4004;1400895312;AMS;BRU;Luchthaven Schiphol;NL
304;0;2014-05-24 01:35:12;4004;1400895312;AMS;BRU;Luchthaven Schiphol;NL
304;0;2014-05-24 01:35:15;4004;1400895315;AMS;BRU;Luchthaven Schiphol;NL
304;0;2014-05-24 01:35:15;4004;1400895315;AMS;BRU;Luchthaven Schiphol;NL
304;0;2014-05-24 01:35:21;4004;1400895321;AMS;BRU;Luchthaven Schiphol;NL
304;0;2014-05-24 01:35:21;4004;1400895321;AMS;BRU;Luchthaven Schiphol;NL
304;0;2014-05-24 01:35:22;4004;1400895322;AMS;BRU;Luchthaven Schiphol;NL
304;0;2014-05-24 01:35:22;4004;1400895322;AMS;BRU;Luchthaven Schiphol;NL
304;0;2014-05-24 01:35:22;4004;1400895322;AMS;BRU;Luchthaven Schiphol;NL
304;0;2014-05-24 01:35:22;4004;1400895322;AMS;BRU;Luchthaven Schiphol;NL
304;0;2014-05-24 01:35:22;4004;1400895322;AMS;BRU;Luchthaven Schiphol;NL
304;0;2014-05-24 01:35:22;4004;1400895322;AMS;BRU;Luchthaven Schiphol;NL
304;0;2014-05-24 01:35:22;4004;1400895322;AMS;BRU;Luchthaven Schiphol;NL
304;0;2014-05-24 01:35:22;4004;1400895322;AMS;BRU;Luchthaven Schiphol;NL
304;0;2014-05-24 01:35:22;4004;1400895322;AMS;BRU;Luchthaven Schiphol;NL
304;0;2014-05-24 01:35:22;4004;1400895322;AMS;BRU;Luchthaven Schiphol;NL
304;0;2014-05-24 01:35:22;4004;1400895322;AMS;BRU;Luchthaven Schiphol;NL
304;0;2014-05-24 01:35:22;4004;1400895322;AMS;BRU;Luchthaven Schiphol;NL
304;0;2014-05-24 01:35:38;4004;1400895338;AMS;BRU;Luchthaven Schiphol;NL
304;0;2014-05-24 01:35:38;4004;1400895338;AMS;BRU;Luchthaven Schiphol;NL
304;0;2014-05-24 01:35:38;4004;1400895338;AMS;BRU;Luchthaven Schiphol;NL
304;0;2014-05-24 01:35:38;4004;1400895338;AMS;BRU;Luchthaven Schiphol;NL
304;0;2014-05-24 01:35:38;4004;1400895338;AMS;BRU;Luchthaven Schiphol;NL
304;0;2014-05-24 01:35:38;4004;1400895338;AMS;BRU;Luchthaven Schiphol;NL
305;0;2014-05-24 14:53:02;4005;1400943182;AMS;BRU;Machelen;BE
305;0;2014-05-24 14:53:02;4005;1400943182;AMS;BRU;Machelen;BE
305;0;2014-05-24 14:53:30;4005;1400943210;AMS;BRU;Machelen;BE
305;0;2014-05-24 14:55:25;4005;1400943325;AMS;BRU;Machelen;BE
305;0;2014-05-24 15:04:40;4005;1400943880;AMS;BRU;Machelen;BE
305;0;2014-05-24 15:38:59;4005;1400945939;AMS;BRU;Machelen;BE
305;0;2014-05-24 15:40:27;4005;1400946027;AMS;BRU;Machelen;BE
305;0;2014-05-24 15:43:27;4005;1400946207;AMS;BRU;Machelen;BE
305;2;2014-05-24 15:46:59;4005;1400946419;AMS;BRU;Machelen;BE
305;0;2014-05-24 15:48:54;4005;1400946534;AMS;BRU;Machelen;BE
305;0;2014-05-24 15:48:55;4005;1400946535;AMS;BRU;Machelen;BE
305;0;2014-05-24 15:48:55;4005;1400946535;AMS;BRU;Machelen;BE
305;0;2014-05-24 15:50:12;4005;1400946612;AMS;BRU;Machelen;BE
305;0;2014-05-24 15:50:24;4005;1400946624;AMS;BRU;Machelen;BE
305;0;2014-05-24 15:50:24;4005;1400946624;AMS;BRU;Machelen;BE
305;0;2014-05-24 15:50:24;4005;1400946624;AMS;BRU;Machelen;BE
305;0;2014-05-24 15:50:27;4005;1400946627;AMS;BRU;Machelen;BE
305;0;2014-05-24 15:50:29;4005;1400946629;AMS;BRU;Machelen;BE
305;0;2014-05-24 15:50:29;4005;1400946629;AMS;BRU;Machelen;BE
305;0;2014-05-24 15:50:35;4005;1400946635;AMS;BRU;Machelen;BE
305;0;2014-05-24 15:50:43;4005;1400946643;AMS;BRU;Machelen;BE
305;0;2014-05-24 15:51:21;4005;1400946681;AMS;BRU;Machelen;BE
305;0;2014-05-24 15:51:21;4005;1400946681;AMS;BRU;Machelen;BE
305;14;2014-05-24 15:51:29;4005;1400946689;AMS;BRU;Machelen;BE
305;10;2014-05-24 15:51:43;4005;1400946703;AMS;BRU;Machelen;BE
305;90;2014-05-24 15:55:49;4005;1400946949;AMS;BRU;Machelen;BE
305;90;2014-05-24 15:58:51;4005;1400947131;AMS;BRU;UNK;UNK
305;90;2014-05-24 15:58:51;4005;1400947131;AMS;BRU;UNK;UNK
305;90;2014-05-24 16:00:35;4005;1400947235;AMS;BRU;UNK;UNK
305;90;2014-05-24 16:00:36;4005;1400947236;AMS;BRU;UNK;UNK
305;86;2014-05-24 16:06:47;4005;1400947607;AMS;BRU;UNK;UNK
305;90;2014-05-24 16:09:37;4005;1400947777;AMS;BRU;UNK;UNK
305;86;2014-05-24 16:10:21;4005;1400947821;AMS;BRU;UNK;UNK
305;86;2014-05-24 16:16:22;4005;1400948182;AMS;BRU;UNK;UNK
305;88;2014-05-24 16:23:02;4005;1400948582;AMS;BRU;UNK;UNK
305;88;2014-05-24 16:40:42;4005;1400949642;AMS;BRU;UNK;UNK
305;88;2014-05-24 16:41:11;4005;1400949671;AMS;BRU;UNK;UNK
305;88;2014-05-24 16:46:42;4005;1400950002;AMS;BRU;UNK;UNK
305;88;2014-05-24 16:52:11;4005;1400950331;AMS;BRU;UNK;UNK
305;84;2014-05-24 16:57:48;4005;1400950668;AMS;BRU;UNK;UNK
305;84;2014-05-24 17:02:02;4005;1400950922;AMS;BRU;UNK;UNK
305;90;2014-05-24 17:06:58;4005;1400951218;AMS;BRU;UNK;UNK
305;86;2014-05-24 17:07:35;4005;1400951255;AMS;BRU;UNK;UNK
305;80;2014-05-24 17:13:13;4005;1400951593;AMS;BRU;UNK;UNK
305;78;2014-05-24 17:18:52;4005;1400951932;AMS;BRU;UNK;UNK
305;92;2014-05-24 17:22:50;4005;1400952170;AMS;BRU;UNK;UNK
305;90;2014-05-24 17:25:52;4005;1400952352;AMS;BRU;UNK;UNK
305;90;2014-05-24 17:32:32;4005;1400952752;AMS;BRU;UNK;UNK
305;90;2014-05-24 17:35:24;4005;1400952924;AMS;BRU;UNK;UNK
305;86;2014-05-24 17:37:02;4005;1400953022;AMS;BRU;UNK;UNK
305;86;2014-05-24 17:43:19;4005;1400953399;AMS;BRU;UNK;UNK
305;86;2014-05-24 17:49:30;4005;1400953770;AMS;BRU;UNK;UNK
305;84;2014-05-24 17:56:01;4005;1400954161;AMS;BRU;UNK;UNK
305;86;2014-05-24 17:58:58;4005;1400954338;AMS;BRU;UNK;UNK
305;86;2014-05-24 18:05:22;4005;1400954722;AMS;BRU;UNK;UNK
305;86;2014-05-24 18:11:35;4005;1400955095;AMS;BRU;UNK;UNK
305;90;2014-05-24 18:16:01;4005;1400955361;AMS;BRU;UNK;UNK
305;86;2014-05-24 18:16:21;4005;1400955381;AMS;BRU;UNK;UNK
305;30;2014-05-24 18:21:37;4005;1400955697;AMS;BRU;Luchthaven Schiphol;NL
305;0;2014-05-24 18:25:53;4005;1400955953;AMS;BRU;Luchthaven Schiphol;NL
305;0;2014-05-24 18:25:53;4005;1400955953;AMS;BRU;Luchthaven Schiphol;NL
305;0;2014-05-24 18:26:07;4005;1400955967;AMS;BRU;Luchthaven Schiphol;NL
305;0;2014-05-24 18:26:09;4005;1400955969;AMS;BRU;Luchthaven Schiphol;NL
305;0;2014-05-24 18:27:13;4005;1400956033;AMS;BRU;Luchthaven Schiphol;NL
305;0;2014-05-24 18:27:13;4005;1400956033;AMS;BRU;Luchthaven Schiphol;NL
305;0;2014-05-24 18:28:21;4005;1400956101;AMS;BRU;Luchthaven Schiphol;NL
305;0;2014-05-24 18:28:21;4005;1400956101;AMS;BRU;Luchthaven Schiphol;NL
305;0;2014-05-24 18:29:06;4005;1400956146;AMS;BRU;Luchthaven Schiphol;NL
305;0;2014-05-24 18:47:35;4005;1400957255;AMS;BRU;Luchthaven Schiphol;NL
305;0;2014-05-24 18:49:20;4005;1400957360;AMS;BRU;Luchthaven Schiphol;NL
305;0;2014-05-24 18:49:20;4005;1400957360;AMS;BRU;Luchthaven Schiphol;NL
305;0;2014-05-24 18:56:19;4005;1400957779;AMS;BRU;Luchthaven Schiphol;NL
305;22;2014-05-24 18:57:24;4005;1400957844;AMS;BRU;Luchthaven Schiphol;NL
305;0;2014-05-24 19:00:35;4005;1400958035;AMS;BRU;Luchthaven Schiphol;NL
305;0;2014-05-24 19:03:21;4005;1400958201;AMS;BRU;Luchthaven Schiphol;NL
305;0;2014-05-24 19:08:26;4005;1400958506;AMS;BRU;Luchthaven Schiphol;NL
305;0;2014-05-24 19:08:33;4005;1400958513;AMS;BRU;Luchthaven Schiphol;NL
305;0;2014-05-24 19:08:33;4005;1400958513;AMS;BRU;Luchthaven Schiphol;NL
305;0;2014-05-24 19:08:43;4005;1400958523;AMS;BRU;Luchthaven Schiphol;NL
305;0;2014-05-24 19:08:43;4005;1400958523;AMS;BRU;Luchthaven Schiphol;NL
305;2;2014-05-24 19:08:55;4005;1400958535;AMS;BRU;Luchthaven Schiphol;NL
305;0;2014-05-24 19:15:16;4005;1400958916;AMS;BRU;Luchthaven Schiphol;NL
305;0;2014-05-24 19:15:41;4005;1400958941;AMS;BRU;Luchthaven Schiphol;NL
305;0;2014-05-24 19:15:41;4005;1400958941;AMS;BRU;Luchthaven Schiphol;NL
305;0;2014-05-24 19:15:49;4005;1400958949;AMS;BRU;Luchthaven Schiphol;NL
305;0;2014-05-24 19:15:49;4005;1400958949;AMS;BRU;Luchthaven Schiphol;NL
305;0;2014-05-24 19:15:49;4005;1400958949;AMS;BRU;Luchthaven Schiphol;NL
305;0;2014-05-24 19:16:19;4005;1400958979;AMS;BRU;Luchthaven Schiphol;NL
305;0;2014-05-24 19:17:23;4005;1400959043;AMS;BRU;Luchthaven Schiphol;NL
305;0;2014-05-24 19:17:23;4005;1400959043;AMS;BRU;Luchthaven Schiphol;NL
305;0;2014-05-24 19:36:15;4005;1400960175;AMS;BRU;Luchthaven Schiphol;NL
305;0;2014-05-24 19:54:20;4005;1400961260;AMS;BRU;Luchthaven Schiphol;NL
305;4;2014-05-24 19:58:23;4005;1400961503;AMS;BRU;Luchthaven Schiphol;NL
305;4;2014-05-24 19:58:23;4005;1400961503;AMS;BRU;Luchthaven Schiphol;NL
305;0;2014-05-24 19:59:46;4005;1400961586;AMS;BRU;Luchthaven Schiphol;NL
305;0;2014-05-24 19:59:46;4005;1400961586;AMS;BRU;Luchthaven Schiphol;NL
306;0;2014-05-24 08:22:58;4006;1400919778;AMS;BRU;Machelen;BE
306;0;2014-05-24 08:22:58;4006;1400919778;AMS;BRU;Machelen;BE
306;0;2014-05-24 08:22:58;4006;1400919778;AMS;BRU;Machelen;BE
306;0;2014-05-24 08:23:52;4006;1400919832;AMS;BRU;Machelen;BE
306;4;2014-05-24 08:41:31;4006;1400920891;AMS;BRU;Machelen;BE
306;12;2014-05-24 08:41:51;4006;1400920911;AMS;BRU;Machelen;BE
306;0;2014-05-24 08:42:51;4006;1400920971;AMS;BRU;Machelen;BE
306;0;2014-05-24 08:44:50;4006;1400921090;AMS;BRU;Machelen;BE
306;0;2014-05-24 09:05:07;4006;1400922307;AMS;BRU;Machelen;BE
306;0;2014-05-24 09:05:17;4006;1400922317;AMS;BRU;Machelen;BE
306;0;2014-05-24 09:08:22;4006;1400922502;AMS;BRU;Machelen;BE
306;0;2014-05-24 09:08:39;4006;1400922519;AMS;BRU;Machelen;BE
306;0;2014-05-24 09:08:39;4006;1400922519;AMS;BRU;Machelen;BE
306;0;2014-05-24 09:08:39;4006;1400922519;AMS;BRU;Machelen;BE
306;0;2014-05-24 09:09:09;4006;1400922549;AMS;BRU;Machelen;BE
306;0;2014-05-24 09:09:49;4006;1400922589;AMS;BRU;Machelen;BE
306;0;2014-05-24 09:09:56;4006;1400922596;AMS;BRU;Machelen;BE
306;0;2014-05-24 09:09:57;4006;1400922597;AMS;BRU;Machelen;BE
306;0;2014-05-24 09:09:57;4006;1400922597;AMS;BRU;Machelen;BE
306;86;2014-05-24 09:15:04;4006;1400922904;AMS;BRU;Machelen;BE
306;86;2014-05-24 09:20:07;4006;1400923207;AMS;BRU;UNK;UNK
306;86;2014-05-24 09:25:10;4006;1400923510;AMS;BRU;UNK;UNK
306;86;2014-05-24 09:30:14;4006;1400923814;AMS;BRU;UNK;UNK
306;86;2014-05-24 09:30:14;4006;1400923814;AMS;BRU;UNK;UNK
306;86;2014-05-24 09:35:17;4006;1400924117;AMS;BRU;UNK;UNK
306;82;2014-05-24 09:36:17;4006;1400924177;AMS;BRU;UNK;UNK
306;86;2014-05-24 09:37:29;4006;1400924249;AMS;BRU;UNK;UNK
306;86;2014-05-24 09:37:29;4006;1400924249;AMS;BRU;UNK;UNK
306;12;2014-05-24 09:42:35;4006;1400924555;AMS;BRU;UNK;UNK
306;0;2014-05-24 09:46:03;4006;1400924763;AMS;BRU;Merksem;BE
306;0;2014-05-24 09:46:03;4006;1400924763;AMS;BRU;Merksem;BE
306;8;2014-05-24 09:51:04;4006;1400925064;AMS;BRU;Merksem;BE
306;10;2014-05-24 09:56:06;4006;1400925366;AMS;BRU;Merksem;BE
306;0;2014-05-24 10:00:58;4006;1400925658;AMS;BRU;Merksem;BE
306;14;2014-05-24 10:06:01;4006;1400925961;AMS;BRU;Merksem;BE
306;6;2014-05-24 10:10:30;4006;1400926230;AMS;BRU;Merksem;BE
306;8;2014-05-24 10:10:37;4006;1400926237;AMS;BRU;Merksem;BE
306;8;2014-05-24 10:10:37;4006;1400926237;AMS;BRU;Merksem;BE
306;8;2014-05-24 10:10:39;4006;1400926239;AMS;BRU;Merksem;BE
306;8;2014-05-24 10:10:40;4006;1400926240;AMS;BRU;Merksem;BE
306;8;2014-05-24 10:10:43;4006;1400926243;AMS;BRU;Merksem;BE
306;8;2014-05-24 10:10:43;4006;1400926243;AMS;BRU;Merksem;BE
306;12;2014-05-24 10:11:16;4006;1400926276;AMS;BRU;UNK;UNK
306;18;2014-05-24 10:13:31;4006;1400926411;AMS;BRU;UNK;UNK
306;70;2014-05-24 10:18:35;4006;1400926715;AMS;BRU;UNK;UNK
306;86;2014-05-24 10:23:39;4006;1400927019;AMS;BRU;UNK;UNK
306;86;2014-05-24 10:28:42;4006;1400927322;AMS;BRU;UNK;UNK
306;82;2014-05-24 10:33:43;4006;1400927623;AMS;BRU;UNK;UNK
306;86;2014-05-24 10:38:45;4006;1400927925;AMS;BRU;UNK;UNK
306;0;2014-05-24 10:43:00;4006;1400928180;AMS;BRU;Meer;BE
306;0;2014-05-24 10:43:00;4006;1400928180;AMS;BRU;Meer;BE
306;0;2014-05-24 10:43:04;4006;1400928184;AMS;BRU;Meer;BE
306;0;2014-05-24 10:43:04;4006;1400928184;AMS;BRU;Meer;BE
306;0;2014-05-24 10:43:24;4006;1400928204;AMS;BRU;Meer;BE
306;0;2014-05-24 10:45:50;4006;1400928350;AMS;BRU;Meer;BE
306;0;2014-05-24 10:46:20;4006;1400928380;AMS;BRU;Meer;BE
306;0;2014-05-24 10:46:29;4006;1400928389;AMS;BRU;Meer;BE
306;0;2014-05-24 10:46:33;4006;1400928393;AMS;BRU;Meer;BE
306;0;2014-05-24 10:47:05;4006;1400928425;AMS;BRU;Meer;BE
306;0;2014-05-24 10:47:11;4006;1400928431;AMS;BRU;Meer;BE
306;0;2014-05-24 10:49:50;4006;1400928590;AMS;BRU;Meer;BE
306;0;2014-05-24 11:01:49;4006;1400929309;AMS;BRU;Meer;BE
306;2;2014-05-24 11:02:16;4006;1400929336;AMS;BRU;Meer;BE
306;0;2014-05-24 11:02:57;4006;1400929377;AMS;BRU;Meer;BE
306;0;2014-05-24 11:02:57;4006;1400929377;AMS;BRU;Meer;BE
306;0;2014-05-24 11:03:14;4006;1400929394;AMS;BRU;Meer;BE
306;0;2014-05-24 11:03:14;4006;1400929394;AMS;BRU;Meer;BE
306;12;2014-05-24 11:04:39;4006;1400929479;AMS;BRU;UNK;UNK
306;70;2014-05-24 11:06:21;4006;1400929581;AMS;BRU;UNK;UNK
306;86;2014-05-24 11:11:25;4006;1400929885;AMS;BRU;UNK;UNK
306;86;2014-05-24 11:12:48;4006;1400929968;AMS;BRU;UNK;UNK
306;86;2014-05-24 11:13:44;4006;1400930024;AMS;BRU;UNK;UNK
306;86;2014-05-24 11:14:29;4006;1400930069;AMS;BRU;UNK;UNK
306;86;2014-05-24 11:19:33;4006;1400930373;AMS;BRU;UNK;UNK
306;86;2014-05-24 11:24:35;4006;1400930675;AMS;BRU;UNK;UNK
306;86;2014-05-24 11:29:37;4006;1400930977;AMS;BRU;UNK;UNK
306;86;2014-05-24 11:34:43;4006;1400931283;AMS;BRU;UNK;UNK
306;78;2014-05-24 11:39:48;4006;1400931588;AMS;BRU;UNK;UNK
306;84;2014-05-24 11:44:53;4006;1400931893;AMS;BRU;UNK;UNK
306;64;2014-05-24 11:55:03;4006;1400932503;AMS;BRU;UNK;UNK
306;70;2014-05-24 12:00:10;4006;1400932810;AMS;BRU;UNK;UNK
306;56;2014-05-24 12:10:17;4006;1400933417;AMS;BRU;UNK;UNK
306;60;2014-05-24 12:15:25;4006;1400933725;AMS;BRU;UNK;UNK
306;80;2014-05-24 12:25:33;4006;1400934333;AMS;BRU;UNK;UNK
306;86;2014-05-24 12:35:42;4006;1400934942;AMS;BRU;UNK;UNK
306;86;2014-05-24 12:40:46;4006;1400935246;AMS;BRU;UNK;UNK
306;86;2014-05-24 12:45:52;4006;1400935552;AMS;BRU;Luchthaven Schiphol;NL
306;0;2014-05-24 12:50:57;4006;1400935857;AMS;BRU;Luchthaven Schiphol;NL
306;0;2014-05-24 12:50:57;4006;1400935857;AMS;BRU;Luchthaven Schiphol;NL
306;0;2014-05-24 12:51:07;4006;1400935867;AMS;BRU;Luchthaven Schiphol;NL
306;0;2014-05-24 12:51:08;4006;1400935868;AMS;BRU;Luchthaven Schiphol;NL
306;0;2014-05-24 12:51:27;4006;1400935887;AMS;BRU;Luchthaven Schiphol;NL
306;0;2014-05-24 12:53:50;4006;1400936030;AMS;BRU;Luchthaven Schiphol;NL
306;10;2014-05-24 12:56:51;4006;1400936211;AMS;BRU;Luchthaven Schiphol;NL
306;0;2014-05-24 13:00:51;4006;1400936451;AMS;BRU;Luchthaven Schiphol;NL
306;0;2014-05-24 13:01:03;4006;1400936463;AMS;BRU;Luchthaven Schiphol;NL
306;0;2014-05-24 13:01:03;4006;1400936463;AMS;BRU;Luchthaven Schiphol;NL
306;0;2014-05-24 13:01:06;4006;1400936466;AMS;BRU;Luchthaven Schiphol;NL
306;0;2014-05-24 13:01:06;4006;1400936466;AMS;BRU;Luchthaven Schiphol;NL
306;0;2014-05-24 13:01:07;4006;1400936467;AMS;BRU;Luchthaven Schiphol;NL
306;0;2014-05-24 13:04:28;4006;1400936668;AMS;BRU;Luchthaven Schiphol;NL
306;0;2014-05-24 13:06:35;4006;1400936795;AMS;BRU;Luchthaven Schiphol;NL
306;0;2014-05-24 13:06:50;4006;1400936810;AMS;BRU;Luchthaven Schiphol;NL
306;0;2014-05-24 13:21:37;4006;1400937697;AMS;BRU;Luchthaven Schiphol;NL
306;0;2014-05-24 13:22:31;4006;1400937751;AMS;BRU;Luchthaven Schiphol;NL
306;0;2014-05-24 13:22:31;4006;1400937751;AMS;BRU;Luchthaven Schiphol;NL
306;0;2014-05-24 13:22:31;4006;1400937751;AMS;BRU;Luchthaven Schiphol;NL
307;0;2014-05-24 18:13:35;4007;1400955215;AMS;BRU;Machelen;BE
307;0;2014-05-24 18:13:35;4007;1400955215;AMS;BRU;Machelen;BE
307;0;2014-05-24 18:13:44;4007;1400955224;AMS;BRU;Machelen;BE
307;0;2014-05-24 18:14:45;4007;1400955285;AMS;BRU;Machelen;BE
307;0;2014-05-24 18:15:30;4007;1400955330;AMS;BRU;Machelen;BE
307;0;2014-05-24 18:18:03;4007;1400955483;AMS;BRU;Machelen;BE
307;2;2014-05-24 18:19:06;4007;1400955546;AMS;BRU;Machelen;BE
307;8;2014-05-24 18:20:17;4007;1400955617;AMS;BRU;Machelen;BE
307;16;2014-05-24 18:21:17;4007;1400955677;AMS;BRU;Machelen;BE
307;14;2014-05-24 18:21:42;4007;1400955702;AMS;BRU;Machelen;BE
307;14;2014-05-24 18:21:50;4007;1400955710;AMS;BRU;Machelen;BE
307;0;2014-05-24 18:24:57;4007;1400955897;AMS;BRU;Machelen;BE
307;0;2014-05-24 18:30:01;4007;1400956201;AMS;BRU;Machelen;BE
307;0;2014-05-24 18:30:39;4007;1400956239;AMS;BRU;Machelen;BE
307;0;2014-05-24 18:31:30;4007;1400956290;AMS;BRU;Machelen;BE
307;0;2014-05-24 18:32:30;4007;1400956350;AMS;BRU;Machelen;BE
307;0;2014-05-24 18:36:22;4007;1400956582;AMS;BRU;Machelen;BE
307;2;2014-05-24 18:37:29;4007;1400956649;AMS;BRU;Machelen;BE
307;18;2014-05-24 18:39:29;4007;1400956769;AMS;BRU;Machelen;BE
307;0;2014-05-24 18:42:14;4007;1400956934;AMS;BRU;Machelen;BE
307;0;2014-05-24 18:44:28;4007;1400957068;AMS;BRU;Machelen;BE
307;0;2014-05-24 18:44:28;4007;1400957068;AMS;BRU;Machelen;BE
307;0;2014-05-24 18:44:42;4007;1400957082;AMS;BRU;Machelen;BE
307;0;2014-05-24 18:44:44;4007;1400957084;AMS;BRU;Machelen;BE
307;0;2014-05-24 18:53:28;4007;1400957608;AMS;BRU;Machelen;BE
307;0;2014-05-24 18:53:28;4007;1400957608;AMS;BRU;Machelen;BE
307;0;2014-05-24 18:55:11;4007;1400957711;AMS;BRU;Machelen;BE
307;0;2014-05-24 18:55:12;4007;1400957712;AMS;BRU;Machelen;BE
307;0;2014-05-24 18:55:12;4007;1400957712;AMS;BRU;Machelen;BE
307;0;2014-05-24 18:55:25;4007;1400957725;AMS;BRU;Machelen;BE
307;0;2014-05-24 18:55:25;4007;1400957725;AMS;BRU;Machelen;BE
307;0;2014-05-24 18:59:35;4007;1400957975;AMS;BRU;Machelen;BE
307;0;2014-05-24 19:01:27;4007;1400958087;AMS;BRU;Machelen;BE
307;0;2014-05-24 19:01:27;4007;1400958087;AMS;BRU;Machelen;BE
307;2;2014-05-24 19:01:41;4007;1400958101;AMS;BRU;Machelen;BE
307;2;2014-05-24 19:01:41;4007;1400958101;AMS;BRU;Machelen;BE
307;12;2014-05-24 19:02:28;4007;1400958148;AMS;BRU;Machelen;BE
307;18;2014-05-24 19:03:29;4007;1400958209;AMS;BRU;Machelen;BE
307;50;2014-05-24 19:05:57;4007;1400958357;AMS;BRU;Machelen;BE
307;68;2014-05-24 19:06:49;4007;1400958409;AMS;BRU;Machelen;BE
307;88;2014-05-24 19:09:03;4007;1400958543;AMS;BRU;UNK;UNK
307;88;2014-05-24 19:09:09;4007;1400958549;AMS;BRU;UNK;UNK
307;84;2014-05-24 19:14:13;4007;1400958853;AMS;BRU;UNK;UNK
307;86;2014-05-24 19:19:24;4007;1400959164;AMS;BRU;UNK;UNK
307;86;2014-05-24 19:24:28;4007;1400959468;AMS;BRU;UNK;UNK
307;86;2014-05-24 19:24:28;4007;1400959468;AMS;BRU;UNK;UNK
307;88;2014-05-24 19:29:32;4007;1400959772;AMS;BRU;UNK;UNK
307;78;2014-05-24 19:29:42;4007;1400959782;AMS;BRU;UNK;UNK
307;88;2014-05-24 19:34:53;4007;1400960093;AMS;BRU;UNK;UNK
307;90;2014-05-24 19:34:55;4007;1400960095;AMS;BRU;UNK;UNK
307;88;2014-05-24 19:35:31;4007;1400960131;AMS;BRU;UNK;UNK
307;88;2014-05-24 19:35:31;4007;1400960131;AMS;BRU;UNK;UNK
307;88;2014-05-24 19:35:32;4007;1400960132;AMS;BRU;UNK;UNK
307;90;2014-05-24 19:35:40;4007;1400960140;AMS;BRU;UNK;UNK
307;90;2014-05-24 19:35:40;4007;1400960140;AMS;BRU;Merksem;BE
307;90;2014-05-24 19:35:41;4007;1400960141;AMS;BRU;Merksem;BE
307;90;2014-05-24 19:35:41;4007;1400960141;AMS;BRU;Merksem;BE
307;90;2014-05-24 19:35:41;4007;1400960141;AMS;BRU;Merksem;BE
307;90;2014-05-24 19:35:43;4007;1400960143;AMS;BRU;Merksem;BE
307;90;2014-05-24 19:35:44;4007;1400960144;AMS;BRU;Merksem;BE
307;90;2014-05-24 19:35:48;4007;1400960148;AMS;BRU;Merksem;BE
307;90;2014-05-24 19:35:48;4007;1400960148;AMS;BRU;Merksem;BE
307;90;2014-05-24 19:36:35;4007;1400960195;AMS;BRU;UNK;UNK
307;86;2014-05-24 19:41:40;4007;1400960500;AMS;BRU;UNK;UNK
307;84;2014-05-24 19:51:46;4007;1400961106;AMS;BRU;UNK;UNK
307;88;2014-05-24 19:56:48;4007;1400961408;AMS;BRU;UNK;UNK
307;22;2014-05-24 20:01:51;4007;1400961711;AMS;BRU;UNK;UNK
307;0;2014-05-24 20:03:29;4007;1400961809;AMS;BRU;Meer;BE
307;0;2014-05-24 20:03:29;4007;1400961809;AMS;BRU;Meer;BE
307;0;2014-05-24 20:03:29;4007;1400961809;AMS;BRU;Meer;BE
307;0;2014-05-24 20:03:29;4007;1400961809;AMS;BRU;Meer;BE
307;0;2014-05-24 20:03:50;4007;1400961830;AMS;BRU;Meer;BE
307;0;2014-05-24 20:03:50;4007;1400961830;AMS;BRU;Meer;BE
307;0;2014-05-24 20:05:27;4007;1400961927;AMS;BRU;Meer;BE
307;0;2014-05-24 20:05:27;4007;1400961927;AMS;BRU;Meer;BE
307;0;2014-05-24 20:22:20;4007;1400962940;AMS;BRU;Meer;BE
307;0;2014-05-24 20:23:31;4007;1400963011;AMS;BRU;Meer;BE
307;0;2014-05-24 20:23:31;4007;1400963011;AMS;BRU;Meer;BE
307;2;2014-05-24 20:23:50;4007;1400963030;AMS;BRU;Meer;BE
307;2;2014-05-24 20:23:50;4007;1400963030;AMS;BRU;Meer;BE
307;14;2014-05-24 20:24:28;4007;1400963068;AMS;BRU;UNK;UNK
307;14;2014-05-24 20:25:27;4007;1400963127;AMS;BRU;UNK;UNK
307;70;2014-05-24 20:27:30;4007;1400963250;AMS;BRU;UNK;UNK
307;82;2014-05-24 20:32:31;4007;1400963551;AMS;BRU;UNK;UNK
307;78;2014-05-24 20:37:02;4007;1400963822;AMS;BRU;UNK;UNK
307;82;2014-05-24 20:42:05;4007;1400964125;AMS;BRU;UNK;UNK
307;80;2014-05-24 20:47:08;4007;1400964428;AMS;BRU;UNK;UNK
307;70;2014-05-24 20:52:13;4007;1400964733;AMS;BRU;UNK;UNK
307;82;2014-05-24 21:02:18;4007;1400965338;AMS;BRU;UNK;UNK
307;82;2014-05-24 21:07:20;4007;1400965640;AMS;BRU;UNK;UNK
307;80;2014-05-24 21:17:27;4007;1400966247;AMS;BRU;UNK;UNK
307;80;2014-05-24 21:22:30;4007;1400966550;AMS;BRU;UNK;UNK
307;82;2014-05-24 21:27:31;4007;1400966851;AMS;BRU;UNK;UNK
307;82;2014-05-24 21:32:33;4007;1400967153;AMS;BRU;UNK;UNK
307;80;2014-05-24 21:37:34;4007;1400967454;AMS;BRU;UNK;UNK
307;82;2014-05-24 21:42:35;4007;1400967755;AMS;BRU;UNK;UNK
307;82;2014-05-24 21:47:37;4007;1400968057;AMS;BRU;UNK;UNK
307;82;2014-05-24 21:52:38;4007;1400968358;AMS;BRU;UNK;UNK
307;46;2014-05-24 22:02:41;4007;1400968961;AMS;BRU;UNK;UNK
307;0;2014-05-24 22:07:43;4007;1400969263;AMS;BRU;Luchthaven Schiphol;NL
307;0;2014-05-24 22:12:20;4007;1400969540;AMS;BRU;Luchthaven Schiphol;NL
307;0;2014-05-24 22:12:20;4007;1400969540;AMS;BRU;Luchthaven Schiphol;NL
307;0;2014-05-24 22:12:27;4007;1400969547;AMS;BRU;Luchthaven Schiphol;NL
307;0;2014-05-24 22:12:28;4007;1400969548;AMS;BRU;Luchthaven Schiphol;NL
307;0;2014-05-24 22:12:35;4007;1400969555;AMS;BRU;Luchthaven Schiphol;NL
307;0;2014-05-24 22:14:27;4007;1400969667;AMS;BRU;Luchthaven Schiphol;NL
307;0;2014-05-24 22:14:27;4007;1400969667;AMS;BRU;Luchthaven Schiphol;NL
307;0;2014-05-24 22:32:57;4007;1400970777;AMS;BRU;Luchthaven Schiphol;NL
307;0;2014-05-24 22:34:24;4007;1400970864;AMS;BRU;Luchthaven Schiphol;NL
307;6;2014-05-24 22:35:08;4007;1400970908;AMS;BRU;Luchthaven Schiphol;NL
307;2;2014-05-24 22:37:28;4007;1400971048;AMS;BRU;Luchthaven Schiphol;NL
307;0;2014-05-24 22:39:45;4007;1400971185;AMS;BRU;Luchthaven Schiphol;NL
307;0;2014-05-24 22:39:48;4007;1400971188;AMS;BRU;Luchthaven Schiphol;NL
307;0;2014-05-24 22:39:48;4007;1400971188;AMS;BRU;Luchthaven Schiphol;NL
307;0;2014-05-24 22:39:48;4007;1400971188;AMS;BRU;Luchthaven Schiphol;NL
307;0;2014-05-24 22:39:48;4007;1400971188;AMS;BRU;Luchthaven Schiphol;NL
307;0;2014-05-24 22:39:54;4007;1400971194;AMS;BRU;Luchthaven Schiphol;NL
307;0;2014-05-24 22:39:54;4007;1400971194;AMS;BRU;Luchthaven Schiphol;NL
307;0;2014-05-24 22:39:54;4007;1400971194;AMS;BRU;Luchthaven Schiphol;NL
307;0;2014-05-24 22:39:54;4007;1400971194;AMS;BRU;Luchthaven Schiphol;NL
307;0;2014-05-24 22:39:54;4007;1400971194;AMS;BRU;Luchthaven Schiphol;NL
307;0;2014-05-24 22:39:59;4007;1400971199;AMS;BRU;Luchthaven Schiphol;NL
307;0;2014-05-24 22:47:07;4007;1400971627;AMS;BRU;Luchthaven Schiphol;NL
307;0;2014-05-24 22:47:09;4007;1400971629;AMS;BRU;Luchthaven Schiphol;NL
307;0;2014-05-24 22:47:20;4007;1400971640;AMS;BRU;Luchthaven Schiphol;NL
307;0;2014-05-24 22:47:30;4007;1400971650;AMS;BRU;Luchthaven Schiphol;NL
307;0;2014-05-24 22:48:11;4007;1400971691;AMS;BRU;Luchthaven Schiphol;NL
307;0;2014-05-24 22:48:13;4007;1400971693;AMS;BRU;Luchthaven Schiphol;NL
307;0;2014-05-24 22:48:13;4007;1400971693;AMS;BRU;Luchthaven Schiphol;NL
307;0;2014-05-24 22:48:26;4007;1400971706;AMS;BRU;Luchthaven Schiphol;NL
307;0;2014-05-24 22:48:52;4007;1400971732;AMS;BRU;Luchthaven Schiphol;NL
307;0;2014-05-24 22:48:53;4007;1400971733;AMS;BRU;Luchthaven Schiphol;NL
307;0;2014-05-24 22:48:53;4007;1400971733;AMS;BRU;Luchthaven Schiphol;NL
307;0;2014-05-24 22:48:53;4007;1400971733;AMS;BRU;Luchthaven Schiphol;NL
307;0;2014-05-24 22:49:17;4007;1400971757;AMS;BRU;Luchthaven Schiphol;NL
307;0;2014-05-24 22:49:17;4007;1400971757;AMS;BRU;Luchthaven Schiphol;NL
307;0;2014-05-24 22:49:17;4007;1400971757;AMS;BRU;Luchthaven Schiphol;NL
307;0;2014-05-24 22:49:17;4007;1400971757;AMS;BRU;Luchthaven Schiphol;NL
307;0;2014-05-24 22:49:56;4007;1400971796;AMS;BRU;Luchthaven Schiphol;NL
307;0;2014-05-24 22:49:56;4007;1400971796;AMS;BRU;Luchthaven Schiphol;NL
307;0;2014-05-24 22:49:56;4007;1400971796;AMS;BRU;Luchthaven Schiphol;NL
307;0;2014-05-24 22:49:57;4007;1400971797;AMS;BRU;Luchthaven Schiphol;NL
307;0;2014-05-24 22:58:09;4007;1400972289;AMS;BRU;Luchthaven Schiphol;NL
307;0;2014-05-24 23:13:10;4007;1400973190;AMS;BRU;Luchthaven Schiphol;NL
307;0;2014-05-24 23:17:20;4007;1400973440;AMS;BRU;Luchthaven Schiphol;NL
307;0;2014-05-24 23:32:22;4007;1400974342;AMS;BRU;Luchthaven Schiphol;NL
307;0;2014-05-24 23:38:36;4007;1400974716;AMS;BRU;Luchthaven Schiphol;NL
307;0;2014-05-24 23:38:45;4007;1400974725;AMS;BRU;Luchthaven Schiphol;NL
307;0;2014-05-24 23:41:31;4007;1400974891;AMS;BRU;Luchthaven Schiphol;NL
307;0;2014-05-24 23:43:23;4007;1400975003;AMS;BRU;Luchthaven Schiphol;NL
307;0;2014-05-24 23:45:08;4007;1400975108;AMS;BRU;Luchthaven Schiphol;NL
307;2;2014-05-24 23:47:07;4007;1400975227;AMS;BRU;Luchthaven Schiphol;NL
307;0;2014-05-24 23:51:08;4007;1400975468;AMS;BRU;Luchthaven Schiphol;NL
307;0;2014-05-24 23:57:06;4007;1400975826;AMS;BRU;Luchthaven Schiphol;NL
307;0;2014-05-24 23:57:06;4007;1400975826;AMS;BRU;Luchthaven Schiphol;NL
307;0;2014-05-25 00:12:03;4007;1400976723;AMS;BRU;Luchthaven Schiphol;NL
307;0;2014-05-25 00:17:58;4007;1400977078;AMS;BRU;Luchthaven Schiphol;NL
307;0;2014-05-25 00:20:43;4007;1400977243;AMS;BRU;Luchthaven Schiphol;NL
307;0;2014-05-25 00:21:10;4007;1400977270;AMS;BRU;Luchthaven Schiphol;NL
307;0;2014-05-25 00:21:10;4007;1400977270;AMS;BRU;Luchthaven Schiphol;NL
307;0;2014-05-25 00:21:10;4007;1400977270;AMS;BRU;Luchthaven Schiphol;NL
308;0;2014-05-24 20:16:45;4004;1400962605;AMS;BRU;Machelen;BE
308;0;2014-05-24 20:16:45;4004;1400962605;AMS;BRU;Machelen;BE
308;0;2014-05-24 20:16:45;4004;1400962605;AMS;BRU;Machelen;BE
308;0;2014-05-24 20:16:58;4004;1400962618;AMS;BRU;Machelen;BE
308;0;2014-05-24 20:16:59;4004;1400962619;AMS;BRU;Machelen;BE
308;0;2014-05-24 20:16:59;4004;1400962619;AMS;BRU;Machelen;BE
308;0;2014-05-24 20:19:13;4004;1400962753;AMS;BRU;Machelen;BE
308;0;2014-05-24 21:06:39;4004;1400965599;AMS;BRU;Machelen;BE
308;0;2014-05-24 21:06:39;4004;1400965599;AMS;BRU;Machelen;BE
308;0;2014-05-24 21:06:45;4004;1400965605;AMS;BRU;Machelen;BE
308;0;2014-05-24 21:06:45;4004;1400965605;AMS;BRU;Machelen;BE
308;2;2014-05-24 21:07:01;4004;1400965621;AMS;BRU;Machelen;BE
308;2;2014-05-24 21:07:01;4004;1400965621;AMS;BRU;Machelen;BE
308;8;2014-05-24 21:07:13;4004;1400965633;AMS;BRU;Machelen;BE
308;22;2014-05-24 21:07:50;4004;1400965670;AMS;BRU;Machelen;BE
308;18;2014-05-24 21:08:51;4004;1400965731;AMS;BRU;Machelen;BE
308;88;2014-05-24 21:19:24;4004;1400966364;AMS;BRU;UNK;UNK
308;90;2014-05-24 21:24:47;4004;1400966687;AMS;BRU;UNK;UNK
308;90;2014-05-24 21:30:04;4004;1400967004;AMS;BRU;UNK;UNK
308;90;2014-05-24 21:32:32;4004;1400967152;AMS;BRU;UNK;UNK
308;90;2014-05-24 21:35:32;4004;1400967332;AMS;BRU;UNK;UNK
308;62;2014-05-24 21:40:51;4004;1400967651;AMS;BRU;UNK;UNK
308;90;2014-05-24 21:46:09;4004;1400967969;AMS;BRU;UNK;UNK
308;90;2014-05-24 21:51:26;4004;1400968286;AMS;BRU;UNK;UNK
308;90;2014-05-24 21:56:43;4004;1400968603;AMS;BRU;UNK;UNK
308;90;2014-05-24 22:01:59;4004;1400968919;AMS;BRU;UNK;UNK
308;88;2014-05-24 22:07:16;4004;1400969236;AMS;BRU;UNK;UNK
308;90;2014-05-24 22:08:24;4004;1400969304;AMS;BRU;UNK;UNK
308;90;2014-05-24 22:12:01;4004;1400969521;AMS;BRU;UNK;UNK
308;90;2014-05-24 22:15:02;4004;1400969702;AMS;BRU;UNK;UNK
308;88;2014-05-24 22:25:28;4004;1400970328;AMS;BRU;UNK;UNK
308;90;2014-05-24 22:29:16;4004;1400970556;AMS;BRU;UNK;UNK
308;86;2014-05-24 22:32:12;4004;1400970732;AMS;BRU;UNK;UNK
308;84;2014-05-24 22:37:26;4004;1400971046;AMS;BRU;UNK;UNK
308;86;2014-05-24 22:42:41;4004;1400971361;AMS;BRU;UNK;UNK
308;60;2014-05-24 22:47:57;4004;1400971677;AMS;BRU;UNK;UNK
308;90;2014-05-24 22:53:11;4004;1400971991;AMS;BRU;UNK;UNK
308;82;2014-05-24 22:58:26;4004;1400972306;AMS;BRU;UNK;UNK
308;82;2014-05-24 23:03:41;4004;1400972621;AMS;BRU;UNK;UNK
308;82;2014-05-24 23:08:56;4004;1400972936;AMS;BRU;UNK;UNK
308;82;2014-05-24 23:19:32;4004;1400973572;AMS;BRU;UNK;UNK
308;82;2014-05-24 23:24:47;4004;1400973887;AMS;BRU;UNK;UNK
308;48;2014-05-24 23:30:03;4004;1400974203;AMS;BRU;UNK;UNK
308;0;2014-05-24 23:35:23;4004;1400974523;AMS;BRU;Luchthaven Schiphol;NL
308;0;2014-05-24 23:37:59;4004;1400974679;AMS;BRU;Luchthaven Schiphol;NL
308;0;2014-05-24 23:37:59;4004;1400974679;AMS;BRU;Luchthaven Schiphol;NL
308;0;2014-05-24 23:37:59;4004;1400974679;AMS;BRU;Luchthaven Schiphol;NL
308;0;2014-05-24 23:40:11;4004;1400974811;AMS;BRU;Luchthaven Schiphol;NL
308;0;2014-05-24 23:53:34;4004;1400975614;AMS;BRU;Luchthaven Schiphol;NL
308;0;2014-05-24 23:55:11;4004;1400975711;AMS;BRU;Luchthaven Schiphol;NL
308;0;2014-05-25 00:11:11;4004;1400976671;AMS;BRU;Luchthaven Schiphol;NL
308;0;2014-05-25 00:11:31;4004;1400976691;AMS;BRU;Luchthaven Schiphol;NL
308;4;2014-05-25 00:12:11;4004;1400976731;AMS;BRU;Luchthaven Schiphol;NL
308;0;2014-05-25 00:14:15;4004;1400976855;AMS;BRU;Luchthaven Schiphol;NL
308;0;2014-05-25 00:14:21;4004;1400976861;AMS;BRU;Luchthaven Schiphol;NL
308;0;2014-05-25 00:14:21;4004;1400976861;AMS;BRU;Luchthaven Schiphol;NL
308;0;2014-05-25 00:14:21;4004;1400976861;AMS;BRU;Luchthaven Schiphol;NL
308;0;2014-05-25 00:14:27;4004;1400976867;AMS;BRU;Luchthaven Schiphol;NL
308;0;2014-05-25 00:14:28;4004;1400976868;AMS;BRU;Luchthaven Schiphol;NL
308;0;2014-05-25 00:14:28;4004;1400976868;AMS;BRU;Luchthaven Schiphol;NL
309;0;2014-05-24 19:25:31;4008;1400959531;AMS;BRU;Machelen;BE
309;0;2014-05-24 19:25:31;4008;1400959531;AMS;BRU;Machelen;BE
309;0;2014-05-24 19:25:31;4008;1400959531;AMS;BRU;Machelen;BE
309;2;2014-05-24 19:25:59;4008;1400959559;AMS;BRU;Machelen;BE
309;0;2014-05-24 19:32:07;4008;1400959927;AMS;BRU;Machelen;BE
309;0;2014-05-24 19:32:17;4008;1400959937;AMS;BRU;Machelen;BE
309;0;2014-05-24 19:33:40;4008;1400960020;AMS;BRU;Machelen;BE
309;0;2014-05-24 19:44:51;4008;1400960691;AMS;BRU;Machelen;BE
309;0;2014-05-24 20:10:02;4008;1400962202;AMS;BRU;Machelen;BE
309;0;2014-05-24 20:16:42;4008;1400962602;AMS;BRU;Machelen;BE
309;0;2014-05-24 20:16:46;4008;1400962606;AMS;BRU;Machelen;BE
309;14;2014-05-24 20:17:43;4008;1400962663;AMS;BRU;Machelen;BE
309;0;2014-05-24 20:18:41;4008;1400962721;AMS;BRU;Machelen;BE
309;0;2014-05-24 20:18:45;4008;1400962725;AMS;BRU;Machelen;BE
309;0;2014-05-24 20:21:38;4008;1400962898;AMS;BRU;Machelen;BE
309;14;2014-05-24 20:22:38;4008;1400962958;AMS;BRU;Machelen;BE
309;0;2014-05-24 20:23:07;4008;1400962987;AMS;BRU;Machelen;BE
309;0;2014-05-24 20:25:36;4008;1400963136;AMS;BRU;Machelen;BE
309;0;2014-05-24 20:28:10;4008;1400963290;AMS;BRU;Machelen;BE
309;0;2014-05-24 20:28:51;4008;1400963331;AMS;BRU;Machelen;BE
309;0;2014-05-24 20:28:52;4008;1400963332;AMS;BRU;Machelen;BE
309;0;2014-05-24 20:28:52;4008;1400963332;AMS;BRU;Machelen;BE
309;0;2014-05-24 20:28:59;4008;1400963339;AMS;BRU;Machelen;BE
309;0;2014-05-24 20:28:59;4008;1400963339;AMS;BRU;Machelen;BE
309;12;2014-05-24 20:29:40;4008;1400963380;AMS;BRU;Machelen;BE
309;0;2014-05-24 20:30:31;4008;1400963431;AMS;BRU;Machelen;BE
309;0;2014-05-24 20:30:34;4008;1400963434;AMS;BRU;Machelen;BE
309;0;2014-05-24 20:30:34;4008;1400963434;AMS;BRU;Machelen;BE
309;0;2014-05-24 20:30:34;4008;1400963434;AMS;BRU;Machelen;BE
309;0;2014-05-24 20:30:44;4008;1400963444;AMS;BRU;Machelen;BE
309;0;2014-05-24 20:33:42;4008;1400963622;AMS;BRU;Machelen;BE
309;0;2014-05-24 20:35:12;4008;1400963712;AMS;BRU;Machelen;BE
309;4;2014-05-24 20:35:43;4008;1400963743;AMS;BRU;Machelen;BE
309;2;2014-05-24 20:39:36;4008;1400963976;AMS;BRU;Machelen;BE
309;0;2014-05-24 20:39:43;4008;1400963983;AMS;BRU;Machelen;BE
309;0;2014-05-24 20:40:42;4008;1400964042;AMS;BRU;Machelen;BE
309;0;2014-05-24 20:40:52;4008;1400964052;AMS;BRU;Machelen;BE
309;0;2014-05-24 20:42:32;4008;1400964152;AMS;BRU;Machelen;BE
309;0;2014-05-24 20:42:36;4008;1400964156;AMS;BRU;Machelen;BE
309;0;2014-05-24 20:42:41;4008;1400964161;AMS;BRU;Machelen;BE
309;0;2014-05-24 20:45:36;4008;1400964336;AMS;BRU;Machelen;BE
309;0;2014-05-24 21:52:28;4008;1400968348;AMS;BRU;Machelen;BE
309;4;2014-05-24 21:53:12;4008;1400968392;AMS;BRU;Machelen;BE
309;0;2014-05-24 21:54:35;4008;1400968475;AMS;BRU;Machelen;BE
309;0;2014-05-24 21:54:38;4008;1400968478;AMS;BRU;Machelen;BE
309;0;2014-05-24 21:57:37;4008;1400968657;AMS;BRU;Machelen;BE
309;0;2014-05-24 22:00:29;4008;1400968829;AMS;BRU;Machelen;BE
309;0;2014-05-24 22:00:33;4008;1400968833;AMS;BRU;Machelen;BE
309;0;2014-05-24 22:03:37;4008;1400969017;AMS;BRU;Machelen;BE
309;0;2014-05-24 22:07:16;4008;1400969236;AMS;BRU;Machelen;BE
309;0;2014-05-24 22:08:12;4008;1400969292;AMS;BRU;Machelen;BE
309;0;2014-05-24 22:08:13;4008;1400969293;AMS;BRU;Machelen;BE
309;0;2014-05-24 22:08:13;4008;1400969293;AMS;BRU;Machelen;BE
309;0;2014-05-24 22:08:29;4008;1400969309;AMS;BRU;Machelen;BE
309;0;2014-05-24 22:08:29;4008;1400969309;AMS;BRU;Machelen;BE
309;10;2014-05-24 22:08:39;4008;1400969319;AMS;BRU;Machelen;BE
309;84;2014-05-24 22:14:49;4008;1400969689;AMS;BRU;Machelen;BE
309;86;2014-05-24 22:26:51;4008;1400970411;AMS;BRU;UNK;UNK
309;82;2014-05-24 22:32:53;4008;1400970773;AMS;BRU;UNK;UNK
309;68;2014-05-24 22:34:06;4008;1400970846;AMS;BRU;UNK;UNK
309;84;2014-05-24 22:40:52;4008;1400971252;AMS;BRU;UNK;UNK
309;84;2014-05-24 22:46:46;4008;1400971606;AMS;BRU;UNK;UNK
309;84;2014-05-24 22:52:26;4008;1400971946;AMS;BRU;UNK;UNK
309;84;2014-05-24 22:57:58;4008;1400972278;AMS;BRU;UNK;UNK
309;0;2014-05-24 23:02:14;4008;1400972534;AMS;BRU;Terbeek;BE
309;0;2014-05-24 23:02:14;4008;1400972534;AMS;BRU;Terbeek;BE
309;0;2014-05-24 23:02:19;4008;1400972539;AMS;BRU;Terbeek;BE
309;0;2014-05-24 23:02:35;4008;1400972555;AMS;BRU;Terbeek;BE
309;0;2014-05-24 23:02:41;4008;1400972561;AMS;BRU;Terbeek;BE
309;0;2014-05-24 23:02:41;4008;1400972561;AMS;BRU;Terbeek;BE
309;0;2014-05-24 23:04:16;4008;1400972656;AMS;BRU;Terbeek;BE
309;0;2014-05-24 23:04:31;4008;1400972671;AMS;BRU;Terbeek;BE
309;0;2014-05-24 23:15:06;4008;1400973306;AMS;BRU;Terbeek;BE
309;0;2014-05-24 23:58:19;4008;1400975899;AMS;BRU;Terbeek;BE
309;0;2014-05-25 00:02:46;4008;1400976166;AMS;BRU;Terbeek;BE
309;0;2014-05-25 00:02:46;4008;1400976166;AMS;BRU;Terbeek;BE
309;2;2014-05-25 00:02:55;4008;1400976175;AMS;BRU;Terbeek;BE
309;2;2014-05-25 00:02:55;4008;1400976175;AMS;BRU;Terbeek;BE
309;14;2014-05-25 00:03:31;4008;1400976211;AMS;BRU;UNK;UNK
309;86;2014-05-25 00:14:45;4008;1400976885;AMS;BRU;UNK;UNK
309;76;2014-05-25 00:20:11;4008;1400977211;AMS;BRU;UNK;UNK
309;86;2014-05-25 00:26:12;4008;1400977572;AMS;BRU;UNK;UNK
309;84;2014-05-25 00:32:09;4008;1400977929;AMS;BRU;UNK;UNK
309;84;2014-05-25 00:37:47;4008;1400978267;AMS;BRU;UNK;UNK
309;76;2014-05-25 00:43:24;4008;1400978604;AMS;BRU;UNK;UNK
309;83;2014-05-25 00:47:57;4008;1400978877;AMS;BRU;UNK;UNK
309;84;2014-05-25 00:49:15;4008;1400978955;AMS;BRU;UNK;UNK
309;86;2014-05-25 00:55:13;4008;1400979313;AMS;BRU;UNK;UNK
309;86;2014-05-25 01:01:04;4008;1400979664;AMS;BRU;UNK;UNK
309;84;2014-05-25 01:07:04;4008;1400980024;AMS;BRU;UNK;UNK
309;84;2014-05-25 01:18:56;4008;1400980736;AMS;BRU;UNK;UNK
309;84;2014-05-25 01:24:32;4008;1400981072;AMS;BRU;UNK;UNK
309;84;2014-05-25 01:30:20;4008;1400981420;AMS;BRU;UNK;UNK
309;54;2014-05-25 01:42:49;4008;1400982169;AMS;BRU;Luchthaven Schiphol;NL
309;10;2014-05-25 01:49:14;4008;1400982554;AMS;BRU;Luchthaven Schiphol;NL
309;0;2014-05-25 01:49:32;4008;1400982572;AMS;BRU;Luchthaven Schiphol;NL
309;0;2014-05-25 01:49:32;4008;1400982572;AMS;BRU;Luchthaven Schiphol;NL
309;0;2014-05-25 01:49:47;4008;1400982587;AMS;BRU;Luchthaven Schiphol;NL
309;0;2014-05-25 01:49:49;4008;1400982589;AMS;BRU;Luchthaven Schiphol;NL
309;0;2014-05-25 01:49:50;4008;1400982590;AMS;BRU;Luchthaven Schiphol;NL
309;0;2014-05-25 01:49:50;4008;1400982590;AMS;BRU;Luchthaven Schiphol;NL
309;0;2014-05-25 01:49:54;4008;1400982594;AMS;BRU;Luchthaven Schiphol;NL
309;0;2014-05-25 01:51:16;4008;1400982676;AMS;BRU;Luchthaven Schiphol;NL
309;0;2014-05-25 01:51:27;4008;1400982687;AMS;BRU;Luchthaven Schiphol;NL
309;0;2014-05-25 01:51:38;4008;1400982698;AMS;BRU;Luchthaven Schiphol;NL
309;0;2014-05-25 02:20:42;4008;1400984442;AMS;BRU;Luchthaven Schiphol;NL
309;2;2014-05-25 02:21:35;4008;1400984495;AMS;BRU;Luchthaven Schiphol;NL
309;0;2014-05-25 02:26:17;4008;1400984777;AMS;BRU;Luchthaven Schiphol;NL
309;0;2014-05-25 02:28:32;4008;1400984912;AMS;BRU;Luchthaven Schiphol;NL
309;0;2014-05-25 02:46:00;4008;1400985960;AMS;BRU;Luchthaven Schiphol;NL
309;0;2014-05-25 03:03:14;4008;1400986994;AMS;BRU;Luchthaven Schiphol;NL
309;0;2014-05-25 03:12:32;4008;1400987552;AMS;BRU;Luchthaven Schiphol;NL
309;0;2014-05-25 03:14:32;4008;1400987672;AMS;BRU;Luchthaven Schiphol;NL
309;0;2014-05-25 03:18:13;4008;1400987893;AMS;BRU;Luchthaven Schiphol;NL
309;0;2014-05-25 03:18:15;4008;1400987895;AMS;BRU;Luchthaven Schiphol;NL
309;0;2014-05-25 03:18:15;4008;1400987895;AMS;BRU;Luchthaven Schiphol;NL
310;0;2014-05-25 14:14:17;4009;1401027257;AMS;BRU;Machelen;BE
310;0;2014-05-25 14:14:17;4009;1401027257;AMS;BRU;Machelen;BE
310;0;2014-05-25 14:14:17;4009;1401027257;AMS;BRU;Machelen;BE
310;0;2014-05-25 14:14:17;4009;1401027257;AMS;BRU;Machelen;BE
310;0;2014-05-25 14:14:17;4009;1401027257;AMS;BRU;Machelen;BE
310;0;2014-05-25 14:14:49;4009;1401027289;AMS;BRU;Machelen;BE
310;0;2014-05-25 14:15:12;4009;1401027312;AMS;BRU;Machelen;BE
310;0;2014-05-25 14:16:19;4009;1401027379;AMS;BRU;Machelen;BE
310;0;2014-05-25 14:17:40;4009;1401027460;AMS;BRU;Machelen;BE
310;0;2014-05-25 14:20:57;4009;1401027657;AMS;BRU;Machelen;BE
310;2;2014-05-25 14:21:13;4009;1401027673;AMS;BRU;Machelen;BE
310;0;2014-05-25 14:22:48;4009;1401027768;AMS;BRU;Machelen;BE
310;0;2014-05-25 14:23:51;4009;1401027831;AMS;BRU;Machelen;BE
310;0;2014-05-25 14:24:20;4009;1401027860;AMS;BRU;Machelen;BE
310;0;2014-05-25 14:24:32;4009;1401027872;AMS;BRU;Machelen;BE
310;0;2014-05-25 14:42:56;4009;1401028976;AMS;BRU;Machelen;BE
310;0;2014-05-25 14:43:20;4009;1401029000;AMS;BRU;Machelen;BE
310;0;2014-05-25 14:43:23;4009;1401029003;AMS;BRU;Machelen;BE
310;0;2014-05-25 14:45:20;4009;1401029120;AMS;BRU;Machelen;BE
310;0;2014-05-25 15:06:42;4009;1401030402;AMS;BRU;Machelen;BE
310;0;2014-05-25 15:06:46;4009;1401030406;AMS;BRU;Machelen;BE
310;0;2014-05-25 15:06:48;4009;1401030408;AMS;BRU;Machelen;BE
310;0;2014-05-25 15:06:51;4009;1401030411;AMS;BRU;Machelen;BE
310;0;2014-05-25 15:06:54;4009;1401030414;AMS;BRU;Machelen;BE
310;8;2014-05-25 15:08:20;4009;1401030500;AMS;BRU;Machelen;BE
310;22;2014-05-25 15:08:37;4009;1401030517;AMS;BRU;Machelen;BE
310;22;2014-05-25 15:08:38;4009;1401030518;AMS;BRU;Machelen;BE
310;22;2014-05-25 15:08:38;4009;1401030518;AMS;BRU;Machelen;BE
310;22;2014-05-25 15:08:38;4009;1401030518;AMS;BRU;Machelen;BE
310;22;2014-05-25 15:08:38;4009;1401030518;AMS;BRU;Machelen;BE
310;22;2014-05-25 15:08:39;4009;1401030519;AMS;BRU;Machelen;BE
310;22;2014-05-25 15:08:39;4009;1401030519;AMS;BRU;Machelen;BE
310;22;2014-05-25 15:08:39;4009;1401030519;AMS;BRU;Machelen;BE
310;22;2014-05-25 15:08:39;4009;1401030519;AMS;BRU;Machelen;BE
310;0;2014-05-25 15:10:56;4009;1401030656;AMS;BRU;Machelen;BE
310;0;2014-05-25 15:10:56;4009;1401030656;AMS;BRU;Machelen;BE
310;0;2014-05-25 15:10:56;4009;1401030656;AMS;BRU;Machelen;BE
310;0;2014-05-25 15:10:56;4009;1401030656;AMS;BRU;Machelen;BE
310;0;2014-05-25 15:10:56;4009;1401030656;AMS;BRU;Machelen;BE
310;0;2014-05-25 15:13:19;4009;1401030799;AMS;BRU;Machelen;BE
310;0;2014-05-25 15:13:23;4009;1401030803;AMS;BRU;Machelen;BE
310;0;2014-05-25 15:13:28;4009;1401030808;AMS;BRU;Machelen;BE
310;0;2014-05-25 15:13:29;4009;1401030809;AMS;BRU;Machelen;BE
310;0;2014-05-25 15:13:32;4009;1401030812;AMS;BRU;Machelen;BE
310;0;2014-05-25 15:13:35;4009;1401030815;AMS;BRU;Machelen;BE
310;0;2014-05-25 15:13:51;4009;1401030831;AMS;BRU;Machelen;BE
310;0;2014-05-25 15:13:51;4009;1401030831;AMS;BRU;Machelen;BE
310;0;2014-05-25 15:13:53;4009;1401030833;AMS;BRU;Machelen;BE
310;0;2014-05-25 15:13:53;4009;1401030833;AMS;BRU;Machelen;BE
310;0;2014-05-25 15:14:15;4009;1401030855;AMS;BRU;Machelen;BE
310;4;2014-05-25 15:14:21;4009;1401030861;AMS;BRU;Machelen;BE
310;0;2014-05-25 15:14:42;4009;1401030882;AMS;BRU;Machelen;BE
310;0;2014-05-25 15:14:42;4009;1401030882;AMS;BRU;Machelen;BE
310;0;2014-05-25 15:14:42;4009;1401030882;AMS;BRU;Machelen;BE
310;0;2014-05-25 15:14:42;4009;1401030882;AMS;BRU;Machelen;BE
310;0;2014-05-25 15:14:42;4009;1401030882;AMS;BRU;Machelen;BE
310;0;2014-05-25 15:17:19;4009;1401031039;AMS;BRU;Machelen;BE
310;0;2014-05-25 15:31:11;4009;1401031871;AMS;BRU;Machelen;BE
310;0;2014-05-25 15:31:11;4009;1401031871;AMS;BRU;Machelen;BE
310;0;2014-05-25 15:31:39;4009;1401031899;AMS;BRU;Machelen;BE
310;0;2014-05-25 15:31:39;4009;1401031899;AMS;BRU;Machelen;BE
310;0;2014-05-25 15:31:39;4009;1401031899;AMS;BRU;Machelen;BE
310;0;2014-05-25 15:31:39;4009;1401031899;AMS;BRU;Machelen;BE
310;0;2014-05-25 15:32:10;4009;1401031930;AMS;BRU;Machelen;BE
310;0;2014-05-25 15:32:10;4009;1401031930;AMS;BRU;Machelen;BE
310;0;2014-05-25 15:32:10;4009;1401031930;AMS;BRU;Machelen;BE
310;0;2014-05-25 15:32:10;4009;1401031930;AMS;BRU;Machelen;BE
310;0;2014-05-25 15:32:20;4009;1401031940;AMS;BRU;Machelen;BE
310;0;2014-05-25 15:32:20;4009;1401031940;AMS;BRU;Machelen;BE
310;0;2014-05-25 15:32:20;4009;1401031940;AMS;BRU;Machelen;BE
310;0;2014-05-25 15:32:20;4009;1401031940;AMS;BRU;Machelen;BE
310;18;2014-05-25 15:33:19;4009;1401031999;AMS;BRU;Machelen;BE
310;0;2014-05-25 15:35:41;4009;1401032141;AMS;BRU;Machelen;BE
310;0;2014-05-25 15:35:42;4009;1401032142;AMS;BRU;Machelen;BE
310;0;2014-05-25 15:35:43;4009;1401032143;AMS;BRU;Machelen;BE
310;0;2014-05-25 15:35:43;4009;1401032143;AMS;BRU;Machelen;BE
310;0;2014-05-25 15:35:43;4009;1401032143;AMS;BRU;Machelen;BE
310;0;2014-05-25 15:35:43;4009;1401032143;AMS;BRU;Machelen;BE
310;0;2014-05-25 15:35:49;4009;1401032149;AMS;BRU;Machelen;BE
310;0;2014-05-25 15:38:19;4009;1401032299;AMS;BRU;Machelen;BE
310;0;2014-05-25 15:40:45;4009;1401032445;AMS;BRU;Machelen;BE
310;10;2014-05-25 15:41:19;4009;1401032479;AMS;BRU;Machelen;BE
310;0;2014-05-25 15:45:23;4009;1401032723;AMS;BRU;Machelen;BE
310;0;2014-05-25 15:46:19;4009;1401032779;AMS;BRU;Machelen;BE
310;0;2014-05-25 15:48:30;4009;1401032910;AMS;BRU;Machelen;BE
310;0;2014-05-25 15:48:36;4009;1401032916;AMS;BRU;Machelen;BE
310;6;2014-05-25 15:56:16;4009;1401033376;AMS;BRU;Machelen;BE
310;12;2014-05-25 15:56:20;4009;1401033380;AMS;BRU;Machelen;BE
310;0;2014-05-25 15:57:06;4009;1401033426;AMS;BRU;Machelen;BE
310;30;2014-05-25 16:00:34;4009;1401033634;AMS;BRU;Machelen;BE
310;30;2014-05-25 16:00:34;4009;1401033634;AMS;BRU;Machelen;BE
310;30;2014-05-25 16:00:34;4009;1401033634;AMS;BRU;Machelen;BE
310;30;2014-05-25 16:00:34;4009;1401033634;AMS;BRU;Machelen;BE
310;30;2014-05-25 16:00:34;4009;1401033634;AMS;BRU;Machelen;BE
310;0;2014-05-25 16:04:16;4009;1401033856;AMS;BRU;Machelen;BE
310;0;2014-05-25 16:04:16;4009;1401033856;AMS;BRU;Machelen;BE
310;0;2014-05-25 16:04:16;4009;1401033856;AMS;BRU;Machelen;BE
310;0;2014-05-25 16:04:16;4009;1401033856;AMS;BRU;Machelen;BE
310;0;2014-05-25 16:04:17;4009;1401033857;AMS;BRU;Machelen;BE
310;0;2014-05-25 16:06:19;4009;1401033979;AMS;BRU;Machelen;BE
310;0;2014-05-25 16:09:25;4009;1401034165;AMS;BRU;Machelen;BE
310;0;2014-05-25 16:11:19;4009;1401034279;AMS;BRU;Machelen;BE
310;0;2014-05-25 16:13:19;4009;1401034399;AMS;BRU;Machelen;BE
310;0;2014-05-25 16:14:34;4009;1401034474;AMS;BRU;Machelen;BE
310;0;2014-05-25 16:16:19;4009;1401034579;AMS;BRU;Machelen;BE
310;0;2014-05-25 16:21:57;4009;1401034917;AMS;BRU;Machelen;BE
310;0;2014-05-25 16:23:31;4009;1401035011;AMS;BRU;Machelen;BE
310;0;2014-05-25 16:43:03;4009;1401036183;AMS;BRU;Machelen;BE
310;0;2014-05-25 16:43:06;4009;1401036186;AMS;BRU;Machelen;BE
310;0;2014-05-25 16:45:19;4009;1401036319;AMS;BRU;Machelen;BE
310;0;2014-05-25 16:54:22;4009;1401036862;AMS;BRU;Machelen;BE
310;8;2014-05-25 16:54:45;4009;1401036885;AMS;BRU;Machelen;BE
310;0;2014-05-25 16:58:04;4009;1401037084;AMS;BRU;Machelen;BE
310;0;2014-05-25 16:58:04;4009;1401037084;AMS;BRU;Machelen;BE
310;0;2014-05-25 16:58:20;4009;1401037100;AMS;BRU;Machelen;BE
310;0;2014-05-25 16:58:31;4009;1401037111;AMS;BRU;Machelen;BE
310;0;2014-05-25 16:58:31;4009;1401037111;AMS;BRU;Machelen;BE
310;0;2014-05-25 16:58:31;4009;1401037111;AMS;BRU;Machelen;BE
310;0;2014-05-25 16:58:31;4009;1401037111;AMS;BRU;Machelen;BE
310;0;2014-05-25 17:00:46;4009;1401037246;AMS;BRU;Machelen;BE
310;0;2014-05-25 17:00:46;4009;1401037246;AMS;BRU;Machelen;BE
310;0;2014-05-25 17:00:46;4009;1401037246;AMS;BRU;Machelen;BE
310;0;2014-05-25 17:00:46;4009;1401037246;AMS;BRU;Machelen;BE
310;2;2014-05-25 17:02:12;4009;1401037332;AMS;BRU;Machelen;BE
310;2;2014-05-25 17:02:12;4009;1401037332;AMS;BRU;Machelen;BE
310;2;2014-05-25 17:02:12;4009;1401037332;AMS;BRU;Machelen;BE
310;2;2014-05-25 17:02:12;4009;1401037332;AMS;BRU;Machelen;BE
310;8;2014-05-25 17:02:20;4009;1401037340;AMS;BRU;Machelen;BE
310;16;2014-05-25 17:05:21;4009;1401037521;AMS;BRU;Machelen;BE
310;86;2014-05-25 17:10:26;4009;1401037826;AMS;BRU;Machelen;BE
310;80;2014-05-25 17:15:30;4009;1401038130;AMS;BRU;UNK;UNK
310;76;2014-05-25 17:20:35;4009;1401038435;AMS;BRU;UNK;UNK
310;86;2014-05-25 17:21:21;4009;1401038481;AMS;BRU;UNK;UNK
310;90;2014-05-25 17:31:29;4009;1401039089;AMS;BRU;UNK;UNK
310;84;2014-05-25 17:36:33;4009;1401039393;AMS;BRU;UNK;UNK
310;84;2014-05-25 17:37:20;4009;1401039440;AMS;BRU;UNK;UNK
310;90;2014-05-25 17:42:24;4009;1401039744;AMS;BRU;UNK;UNK
310;84;2014-05-25 17:47:27;4009;1401040047;AMS;BRU;UNK;UNK
310;86;2014-05-25 17:52:31;4009;1401040351;AMS;BRU;UNK;UNK
310;86;2014-05-25 17:53:20;4009;1401040400;AMS;BRU;UNK;UNK
310;86;2014-05-25 17:58:24;4009;1401040704;AMS;BRU;UNK;UNK
310;84;2014-05-25 18:00:54;4009;1401040854;AMS;BRU;UNK;UNK
310;84;2014-05-25 18:01:10;4009;1401040870;AMS;BRU;UNK;UNK
310;0;2014-05-25 18:06:12;4009;1401041172;AMS;BRU;UNK;UNK
310;0;2014-05-25 18:08:15;4009;1401041295;AMS;BRU;Meer;BE
310;0;2014-05-25 18:08:15;4009;1401041295;AMS;BRU;Meer;BE
310;0;2014-05-25 18:08:15;4009;1401041295;AMS;BRU;Meer;BE
310;0;2014-05-25 18:08:15;4009;1401041295;AMS;BRU;Meer;BE
310;0;2014-05-25 18:08:48;4009;1401041328;AMS;BRU;Meer;BE
310;0;2014-05-25 18:10:20;4009;1401041420;AMS;BRU;Meer;BE
310;0;2014-05-25 18:25:37;4009;1401042337;AMS;BRU;Meer;BE
310;0;2014-05-25 18:40:55;4009;1401043255;AMS;BRU;Meer;BE
310;0;2014-05-25 18:54:20;4009;1401044060;AMS;BRU;Meer;BE
310;0;2014-05-25 18:57:40;4009;1401044260;AMS;BRU;Meer;BE
310;0;2014-05-25 19:04:58;4009;1401044698;AMS;BRU;Meer;BE
310;0;2014-05-25 19:04:58;4009;1401044698;AMS;BRU;Meer;BE
310;0;2014-05-25 19:04:58;4009;1401044698;AMS;BRU;Meer;BE
310;0;2014-05-25 19:04:58;4009;1401044698;AMS;BRU;Meer;BE
310;0;2014-05-25 19:05:01;4009;1401044701;AMS;BRU;Meer;BE
310;0;2014-05-25 19:05:01;4009;1401044701;AMS;BRU;Meer;BE
310;0;2014-05-25 19:05:01;4009;1401044701;AMS;BRU;Meer;BE
310;0;2014-05-25 19:05:01;4009;1401044701;AMS;BRU;Meer;BE
310;0;2014-05-25 19:05:14;4009;1401044714;AMS;BRU;Meer;BE
310;0;2014-05-25 19:05:14;4009;1401044714;AMS;BRU;Meer;BE
310;0;2014-05-25 19:05:14;4009;1401044714;AMS;BRU;Meer;BE
310;0;2014-05-25 19:05:14;4009;1401044714;AMS;BRU;Meer;BE
310;8;2014-05-25 19:05:21;4009;1401044721;AMS;BRU;UNK;UNK
310;8;2014-05-25 19:05:21;4009;1401044721;AMS;BRU;UNK;UNK
310;10;2014-05-25 19:05:25;4009;1401044725;AMS;BRU;UNK;UNK
310;10;2014-05-25 19:05:25;4009;1401044725;AMS;BRU;UNK;UNK
310;10;2014-05-25 19:06:20;4009;1401044780;AMS;BRU;UNK;UNK
310;72;2014-05-25 19:09:25;4009;1401044965;AMS;BRU;UNK;UNK
310;90;2014-05-25 19:14:29;4009;1401045269;AMS;BRU;UNK;UNK
310;86;2014-05-25 19:19:31;4009;1401045571;AMS;BRU;UNK;UNK
310;84;2014-05-25 19:24:33;4009;1401045873;AMS;BRU;UNK;UNK
310;86;2014-05-25 19:29:34;4009;1401046174;AMS;BRU;UNK;UNK
310;86;2014-05-25 19:34:35;4009;1401046475;AMS;BRU;UNK;UNK
310;84;2014-05-25 19:39:37;4009;1401046777;AMS;BRU;UNK;UNK
310;86;2014-05-25 19:44:39;4009;1401047079;AMS;BRU;UNK;UNK
310;86;2014-05-25 19:49:40;4009;1401047380;AMS;BRU;UNK;UNK
310;72;2014-05-25 19:54:42;4009;1401047682;AMS;BRU;UNK;UNK
310;88;2014-05-25 19:59:43;4009;1401047983;AMS;BRU;UNK;UNK
310;84;2014-05-25 20:04:45;4009;1401048285;AMS;BRU;UNK;UNK
310;84;2014-05-25 20:09:46;4009;1401048586;AMS;BRU;UNK;UNK
310;62;2014-05-25 20:19:48;4009;1401049188;AMS;BRU;UNK;UNK
310;62;2014-05-25 20:19:48;4009;1401049188;AMS;BRU;UNK;UNK
310;84;2014-05-25 20:24:49;4009;1401049489;AMS;BRU;UNK;UNK
310;84;2014-05-25 20:24:49;4009;1401049489;AMS;BRU;UNK;UNK
310;86;2014-05-25 20:29:50;4009;1401049790;AMS;BRU;UNK;UNK
310;86;2014-05-25 20:34:52;4009;1401050092;AMS;BRU;Luchthaven Schiphol;NL
310;0;2014-05-25 20:39:53;4009;1401050393;AMS;BRU;Luchthaven Schiphol;NL
310;0;2014-05-25 20:42:35;4009;1401050555;AMS;BRU;Luchthaven Schiphol;NL
310;0;2014-05-25 20:42:35;4009;1401050555;AMS;BRU;Luchthaven Schiphol;NL
310;0;2014-05-25 20:42:35;4009;1401050555;AMS;BRU;Luchthaven Schiphol;NL
310;0;2014-05-25 20:42:35;4009;1401050555;AMS;BRU;Luchthaven Schiphol;NL
310;0;2014-05-25 20:43:35;4009;1401050615;AMS;BRU;Luchthaven Schiphol;NL
310;0;2014-05-25 20:44:21;4009;1401050661;AMS;BRU;Luchthaven Schiphol;NL
310;0;2014-05-25 20:54:26;4009;1401051266;AMS;BRU;Luchthaven Schiphol;NL
310;8;2014-05-25 20:54:49;4009;1401051289;AMS;BRU;Luchthaven Schiphol;NL
310;0;2014-05-25 20:56:35;4009;1401051395;AMS;BRU;Luchthaven Schiphol;NL
310;0;2014-05-25 20:56:36;4009;1401051396;AMS;BRU;Luchthaven Schiphol;NL
310;0;2014-05-25 20:58:19;4009;1401051499;AMS;BRU;Luchthaven Schiphol;NL
310;4;2014-05-25 21:08:43;4009;1401052123;AMS;BRU;Luchthaven Schiphol;NL
310;0;2014-05-25 21:08:59;4009;1401052139;AMS;BRU;Luchthaven Schiphol;NL
310;0;2014-05-25 21:11:02;4009;1401052262;AMS;BRU;Luchthaven Schiphol;NL
310;0;2014-05-25 21:11:20;4009;1401052280;AMS;BRU;Luchthaven Schiphol;NL
310;0;2014-05-25 21:13:19;4009;1401052399;AMS;BRU;Luchthaven Schiphol;NL
310;0;2014-05-25 21:17:36;4009;1401052656;AMS;BRU;Luchthaven Schiphol;NL
310;0;2014-05-25 21:17:39;4009;1401052659;AMS;BRU;Luchthaven Schiphol;NL
310;0;2014-05-25 21:17:40;4009;1401052660;AMS;BRU;Luchthaven Schiphol;NL
310;0;2014-05-25 21:18:09;4009;1401052689;AMS;BRU;Luchthaven Schiphol;NL
310;0;2014-05-25 21:21:19;4009;1401052879;AMS;BRU;Luchthaven Schiphol;NL
310;0;2014-05-25 21:22:48;4009;1401052968;AMS;BRU;Luchthaven Schiphol;NL
310;0;2014-05-25 21:27:20;4009;1401053240;AMS;BRU;Luchthaven Schiphol;NL
310;0;2014-05-25 21:30:08;4009;1401053408;AMS;BRU;Luchthaven Schiphol;NL
310;0;2014-05-25 21:32:20;4009;1401053540;AMS;BRU;Luchthaven Schiphol;NL
310;0;2014-05-25 21:34:21;4009;1401053661;AMS;BRU;Luchthaven Schiphol;NL
310;0;2014-05-25 21:35:19;4009;1401053719;AMS;BRU;Luchthaven Schiphol;NL
310;0;2014-05-25 21:39:50;4009;1401053990;AMS;BRU;Luchthaven Schiphol;NL
310;0;2014-05-25 21:40:20;4009;1401054020;AMS;BRU;Luchthaven Schiphol;NL
310;0;2014-05-25 21:55:23;4009;1401054923;AMS;BRU;Luchthaven Schiphol;NL
310;0;2014-05-25 22:03:24;4009;1401055404;AMS;BRU;Luchthaven Schiphol;NL
310;0;2014-05-25 22:03:29;4009;1401055409;AMS;BRU;Luchthaven Schiphol;NL
310;0;2014-05-25 22:03:31;4009;1401055411;AMS;BRU;Luchthaven Schiphol;NL
310;0;2014-05-25 22:03:49;4009;1401055429;AMS;BRU;Luchthaven Schiphol;NL
310;0;2014-05-25 22:04:20;4009;1401055460;AMS;BRU;Luchthaven Schiphol;NL
310;0;2014-05-25 22:04:20;4009;1401055460;AMS;BRU;Luchthaven Schiphol;NL
310;0;2014-05-25 22:05:32;4009;1401055532;AMS;BRU;Luchthaven Schiphol;NL
310;12;2014-05-25 22:10:01;4009;1401055801;AMS;BRU;Luchthaven Schiphol;NL
310;0;2014-05-25 22:10:09;4009;1401055809;AMS;BRU;Luchthaven Schiphol;NL
310;0;2014-05-25 22:10:10;4009;1401055810;AMS;BRU;Luchthaven Schiphol;NL
310;0;2014-05-25 22:10:10;4009;1401055810;AMS;BRU;Luchthaven Schiphol;NL
310;0;2014-05-25 22:10:10;4009;1401055810;AMS;BRU;Luchthaven Schiphol;NL
310;0;2014-05-25 22:10:10;4009;1401055810;AMS;BRU;Luchthaven Schiphol;NL
310;0;2014-05-25 22:10:16;4009;1401055816;AMS;BRU;Luchthaven Schiphol;NL
310;0;2014-05-25 22:10:17;4009;1401055817;AMS;BRU;Luchthaven Schiphol;NL
310;0;2014-05-25 22:10:17;4009;1401055817;AMS;BRU;Luchthaven Schiphol;NL
310;0;2014-05-25 22:10:17;4009;1401055817;AMS;BRU;Luchthaven Schiphol;NL
310;0;2014-05-25 22:10:17;4009;1401055817;AMS;BRU;Luchthaven Schiphol;NL
310;0;2014-05-25 22:10:21;4009;1401055821;AMS;BRU;Luchthaven Schiphol;NL
310;0;2014-05-25 22:10:23;4009;1401055823;AMS;BRU;Luchthaven Schiphol;NL
310;0;2014-05-25 22:10:23;4009;1401055823;AMS;BRU;Luchthaven Schiphol;NL
310;0;2014-05-25 22:10:23;4009;1401055823;AMS;BRU;Luchthaven Schiphol;NL
310;0;2014-05-25 22:10:23;4009;1401055823;AMS;BRU;Luchthaven Schiphol;NL
310;0;2014-05-25 22:10:23;4009;1401055823;AMS;BRU;Luchthaven Schiphol;NL
310;0;2014-05-25 22:10:33;4009;1401055833;AMS;BRU;Luchthaven Schiphol;NL
310;0;2014-05-25 22:10:34;4009;1401055834;AMS;BRU;Luchthaven Schiphol;NL
310;0;2014-05-25 22:10:34;4009;1401055834;AMS;BRU;Luchthaven Schiphol;NL
310;0;2014-05-25 22:10:34;4009;1401055834;AMS;BRU;Luchthaven Schiphol;NL
310;0;2014-05-25 22:10:34;4009;1401055834;AMS;BRU;Luchthaven Schiphol;NL
311;0;2014-05-26 01:55:47;4010;1401069347;AMS;BRU;Machelen;BE
311;0;2014-05-26 01:55:47;4010;1401069347;AMS;BRU;Machelen;BE
311;0;2014-05-26 01:55:48;4010;1401069348;AMS;BRU;Machelen;BE
311;4;2014-05-26 01:56:58;4010;1401069418;AMS;BRU;Machelen;BE
311;0;2014-05-26 01:59:57;4010;1401069597;AMS;BRU;Machelen;BE
311;0;2014-05-26 02:18:23;4010;1401070703;AMS;BRU;Machelen;BE
311;0;2014-05-26 02:19:54;4010;1401070794;AMS;BRU;Machelen;BE
311;0;2014-05-26 02:29:55;4010;1401071395;AMS;BRU;Machelen;BE
311;0;2014-05-26 02:31:56;4010;1401071516;AMS;BRU;Machelen;BE
311;0;2014-05-26 02:57:13;4010;1401073033;AMS;BRU;Machelen;BE
311;0;2014-05-26 02:57:13;4010;1401073033;AMS;BRU;Machelen;BE
311;0;2014-05-26 02:57:14;4010;1401073034;AMS;BRU;Machelen;BE
311;0;2014-05-26 02:57:18;4010;1401073038;AMS;BRU;Machelen;BE
311;0;2014-05-26 02:57:18;4010;1401073038;AMS;BRU;Machelen;BE
311;0;2014-05-26 02:57:18;4010;1401073038;AMS;BRU;Machelen;BE
311;0;2014-05-26 03:57:22;4010;1401076642;AMS;BRU;Machelen;BE
311;0;2014-05-26 04:23:54;4010;1401078234;AMS;BRU;Machelen;BE
311;0;2014-05-26 04:24:25;4010;1401078265;AMS;BRU;Machelen;BE
311;0;2014-05-26 04:24:25;4010;1401078265;AMS;BRU;Machelen;BE
311;0;2014-05-26 04:24:26;4010;1401078266;AMS;BRU;Machelen;BE
311;0;2014-05-26 04:24:36;4010;1401078276;AMS;BRU;Machelen;BE
311;0;2014-05-26 04:24:36;4010;1401078276;AMS;BRU;Machelen;BE
311;10;2014-05-26 04:24:59;4010;1401078299;AMS;BRU;Machelen;BE
311;0;2014-05-26 04:26:37;4010;1401078397;AMS;BRU;Machelen;BE
311;0;2014-05-26 04:28:56;4010;1401078536;AMS;BRU;Machelen;BE
311;0;2014-05-26 04:30:55;4010;1401078655;AMS;BRU;Machelen;BE
311;12;2014-05-26 04:32:08;4010;1401078728;AMS;BRU;Machelen;BE
311;18;2014-05-26 04:32:57;4010;1401078777;AMS;BRU;Machelen;BE
311;12;2014-05-26 04:33:09;4010;1401078789;AMS;BRU;Machelen;BE
311;0;2014-05-26 04:34:27;4010;1401078867;AMS;BRU;Machelen;BE
311;0;2014-05-26 04:36:56;4010;1401079016;AMS;BRU;Machelen;BE
311;0;2014-05-26 04:40:31;4010;1401079231;AMS;BRU;Machelen;BE
311;0;2014-05-26 04:40:50;4010;1401079250;AMS;BRU;Machelen;BE
311;0;2014-05-26 04:40:50;4010;1401079250;AMS;BRU;Machelen;BE
311;0;2014-05-26 04:41:09;4010;1401079269;AMS;BRU;Machelen;BE
311;0;2014-05-26 04:41:09;4010;1401079269;AMS;BRU;Machelen;BE
311;6;2014-05-26 04:41:13;4010;1401079273;AMS;BRU;Machelen;BE
311;32;2014-05-26 04:41:57;4010;1401079317;AMS;BRU;Machelen;BE
311;38;2014-05-26 04:42:14;4010;1401079334;AMS;BRU;Machelen;BE
311;54;2014-05-26 04:45:16;4010;1401079516;AMS;BRU;Machelen;BE
311;56;2014-05-26 04:45:19;4010;1401079519;AMS;BRU;Machelen;BE
311;88;2014-05-26 04:50:22;4010;1401079822;AMS;BRU;UNK;UNK
311;88;2014-05-26 04:55:24;4010;1401080124;AMS;BRU;UNK;UNK
311;88;2014-05-26 05:00:27;4010;1401080427;AMS;BRU;UNK;UNK
311;88;2014-05-26 05:05:30;4010;1401080730;AMS;BRU;UNK;UNK
311;88;2014-05-26 05:10:34;4010;1401081034;AMS;BRU;UNK;UNK
311;74;2014-05-26 05:20:41;4010;1401081641;AMS;BRU;UNK;UNK
311;84;2014-05-26 05:25:44;4010;1401081944;AMS;BRU;UNK;UNK
311;88;2014-05-26 05:30:48;4010;1401082248;AMS;BRU;UNK;UNK
311;88;2014-05-26 05:35:52;4010;1401082552;AMS;BRU;UNK;UNK
311;88;2014-05-26 05:40:56;4010;1401082856;AMS;BRU;UNK;UNK
311;0;2014-05-26 05:43:48;4010;1401083028;AMS;BRU;Meer;BE
311;0;2014-05-26 05:43:48;4010;1401083028;AMS;BRU;Meer;BE
311;0;2014-05-26 05:43:53;4010;1401083033;AMS;BRU;Meer;BE
311;0;2014-05-26 05:43:53;4010;1401083033;AMS;BRU;Meer;BE
311;0;2014-05-26 05:43:57;4010;1401083037;AMS;BRU;UNK;UNK
311;0;2014-05-26 05:45:57;4010;1401083157;AMS;BRU;UNK;UNK
311;80;2014-05-26 06:08:16;4010;1401084496;AMS;BRU;UNK;UNK
311;80;2014-05-26 06:08:20;4010;1401084500;AMS;BRU;UNK;UNK
311;80;2014-05-26 06:12:05;4010;1401084725;AMS;BRU;UNK;UNK
311;80;2014-05-26 06:17:09;4010;1401085029;AMS;BRU;UNK;UNK
311;80;2014-05-26 06:22:13;4010;1401085333;AMS;BRU;UNK;UNK
311;80;2014-05-26 06:27:16;4010;1401085636;AMS;BRU;UNK;UNK
311;80;2014-05-26 06:32:11;4010;1401085931;AMS;BRU;UNK;UNK
311;80;2014-05-26 06:32:15;4010;1401085935;AMS;BRU;UNK;UNK
311;80;2014-05-26 06:37:17;4010;1401086237;AMS;BRU;UNK;UNK
311;80;2014-05-26 06:42:20;4010;1401086540;AMS;BRU;UNK;UNK
311;80;2014-05-26 06:47:23;4010;1401086843;AMS;BRU;UNK;UNK
311;60;2014-05-26 06:52:26;4010;1401087146;AMS;BRU;UNK;UNK
311;80;2014-05-26 06:57:28;4010;1401087448;AMS;BRU;UNK;UNK
311;80;2014-05-26 07:02:31;4010;1401087751;AMS;BRU;UNK;UNK
311;78;2014-05-26 07:07:32;4010;1401088052;AMS;BRU;UNK;UNK
311;80;2014-05-26 07:12:38;4010;1401088358;AMS;BRU;UNK;UNK
311;76;2014-05-26 07:17:39;4010;1401088659;AMS;BRU;UNK;UNK
311;80;2014-05-26 07:22:40;4010;1401088960;AMS;BRU;UNK;UNK
311;80;2014-05-26 07:27:41;4010;1401089261;AMS;BRU;UNK;UNK
311;0;2014-05-26 07:39:55;4010;1401089995;AMS;BRU;Luchthaven Schiphol;NL
311;0;2014-05-26 07:46:58;4010;1401090418;AMS;BRU;Luchthaven Schiphol;NL
311;26;2014-05-26 07:47:18;4010;1401090438;AMS;BRU;Luchthaven Schiphol;NL
311;26;2014-05-26 07:47:18;4010;1401090438;AMS;BRU;Luchthaven Schiphol;NL
311;16;2014-05-26 07:53:00;4010;1401090780;AMS;BRU;Luchthaven Schiphol;NL
311;0;2014-05-26 07:55:57;4010;1401090957;AMS;BRU;Luchthaven Schiphol;NL
311;0;2014-05-26 07:55:57;4010;1401090957;AMS;BRU;Luchthaven Schiphol;NL
311;0;2014-05-26 07:56:02;4010;1401090962;AMS;BRU;Luchthaven Schiphol;NL
311;0;2014-05-26 07:56:02;4010;1401090962;AMS;BRU;Luchthaven Schiphol;NL
311;0;2014-05-26 07:57:44;4010;1401091064;AMS;BRU;Luchthaven Schiphol;NL
311;0;2014-05-26 07:59:55;4010;1401091195;AMS;BRU;Luchthaven Schiphol;NL
311;0;2014-05-26 08:13:23;4010;1401092003;AMS;BRU;Luchthaven Schiphol;NL
311;0;2014-05-26 08:13:45;4010;1401092025;AMS;BRU;Luchthaven Schiphol;NL
311;0;2014-05-26 08:13:45;4010;1401092025;AMS;BRU;Luchthaven Schiphol;NL
311;0;2014-05-26 08:13:50;4010;1401092030;AMS;BRU;Luchthaven Schiphol;NL
311;0;2014-05-26 08:13:50;4010;1401092030;AMS;BRU;Luchthaven Schiphol;NL
311;0;2014-05-26 08:13:50;4010;1401092030;AMS;BRU;Luchthaven Schiphol;NL
311;8;2014-05-26 08:14:56;4010;1401092096;AMS;BRU;Luchthaven Schiphol;NL
311;0;2014-05-26 08:18:25;4010;1401092305;AMS;BRU;Luchthaven Schiphol;NL
311;0;2014-05-26 08:20:06;4010;1401092406;AMS;BRU;Luchthaven Schiphol;NL
311;0;2014-05-26 08:20:53;4010;1401092453;AMS;BRU;Luchthaven Schiphol;NL
311;0;2014-05-26 08:22:55;4010;1401092575;AMS;BRU;Luchthaven Schiphol;NL
311;0;2014-05-26 08:37:55;4010;1401093475;AMS;BRU;Luchthaven Schiphol;NL
311;0;2014-05-26 08:45:09;4010;1401093909;AMS;BRU;Luchthaven Schiphol;NL
311;0;2014-05-26 08:48:31;4010;1401094111;AMS;BRU;Luchthaven Schiphol;NL
311;0;2014-05-26 08:51:07;4010;1401094267;AMS;BRU;Luchthaven Schiphol;NL
311;0;2014-05-26 08:51:07;4010;1401094267;AMS;BRU;Luchthaven Schiphol;NL
311;0;2014-05-26 08:51:07;4010;1401094267;AMS;BRU;Luchthaven Schiphol;NL
