701;0;2014-06-04 09:35:52;8001;1401874552;AMS;FRA;Frankfort aan de Main;DE
701;0;2014-06-04 09:35:52;8001;1401874552;AMS;FRA;Frankfort aan de Main;DE
701;0;2014-06-04 09:35:52;8001;1401874552;AMS;FRA;Frankfort aan de Main;DE
701;0;2014-06-04 09:38:21;8001;1401874701;AMS;FRA;Frankfort aan de Main;DE
701;0;2014-06-04 09:56:43;8001;1401875803;AMS;FRA;Frankfort aan de Main;DE
701;0;2014-06-04 09:59:21;8001;1401875961;AMS;FRA;Frankfort aan de Main;DE
701;0;2014-06-04 10:00:05;8001;1401876005;AMS;FRA;Frankfort aan de Main;DE
701;0;2014-06-04 10:06:28;8001;1401876388;AMS;FRA;Frankfort aan de Main;DE
701;0;2014-06-04 10:07:02;8001;1401876422;AMS;FRA;Frankfort aan de Main;DE
701;0;2014-06-04 10:07:05;8001;1401876425;AMS;FRA;Frankfort aan de Main;DE
701;0;2014-06-04 10:07:05;8001;1401876425;AMS;FRA;Frankfort aan de Main;DE
701;2;2014-06-04 10:07:08;8001;1401876428;AMS;FRA;Frankfort aan de Main;DE
701;2;2014-06-04 10:07:08;8001;1401876428;AMS;FRA;Frankfort aan de Main;DE
701;4;2014-06-04 10:07:21;8001;1401876441;AMS;FRA;Frankfort aan de Main;DE
701;10;2014-06-04 10:07:45;8001;1401876465;AMS;FRA;Frankfort aan de Main;DE
701;10;2014-06-04 10:08:42;8001;1401876522;AMS;FRA;Frankfort aan de Main;DE
701;12;2014-06-04 10:08:45;8001;1401876525;AMS;FRA;Frankfort aan de Main;DE
701;88;2014-06-04 10:13:55;8001;1401876835;AMS;FRA;Frankfort aan de Main;DE
701;90;2014-06-04 10:19:07;8001;1401877147;AMS;FRA;Frankfort aan de Main;DE
701;88;2014-06-04 10:24:13;8001;1401877453;AMS;FRA;UNK;UNK
701;90;2014-06-04 10:29:19;8001;1401877759;AMS;FRA;UNK;UNK
701;88;2014-06-04 10:34:24;8001;1401878064;AMS;FRA;UNK;UNK
701;90;2014-06-04 10:39:28;8001;1401878368;AMS;FRA;UNK;UNK
701;100;2014-06-04 10:44:34;8001;1401878674;AMS;FRA;UNK;UNK
701;92;2014-06-04 10:48:31;8001;1401878911;AMS;FRA;UNK;UNK
701;90;2014-06-04 10:52:49;8001;1401879169;AMS;FRA;UNK;UNK
701;90;2014-06-04 10:57:53;8001;1401879473;AMS;FRA;UNK;UNK
701;90;2014-06-04 10:58:39;8001;1401879519;AMS;FRA;UNK;UNK
701;90;2014-06-04 11:01:40;8001;1401879700;AMS;FRA;UNK;UNK
701;90;2014-06-04 11:06:15;8001;1401879975;AMS;FRA;UNK;UNK
701;90;2014-06-04 11:10:02;8001;1401880202;AMS;FRA;UNK;UNK
701;90;2014-06-04 11:11:18;8001;1401880278;AMS;FRA;UNK;UNK
701;90;2014-06-04 11:14:28;8001;1401880468;AMS;FRA;UNK;UNK
701;90;2014-06-04 11:19:33;8001;1401880773;AMS;FRA;UNK;UNK
701;90;2014-06-04 11:24:37;8001;1401881077;AMS;FRA;UNK;UNK
701;90;2014-06-04 11:26:34;8001;1401881194;AMS;FRA;UNK;UNK
701;86;2014-06-04 11:27:13;8001;1401881233;AMS;FRA;UNK;UNK
701;90;2014-06-04 11:32:18;8001;1401881538;AMS;FRA;UNK;UNK
701;90;2014-06-04 11:34:32;8001;1401881672;AMS;FRA;UNK;UNK
701;90;2014-06-04 11:37:57;8001;1401881877;AMS;FRA;UNK;UNK
701;90;2014-06-04 11:40:31;8001;1401882031;AMS;FRA;UNK;UNK
701;86;2014-06-04 11:41:35;8001;1401882095;AMS;FRA;UNK;UNK
701;90;2014-06-04 11:45:02;8001;1401882302;AMS;FRA;UNK;UNK
701;98;2014-06-04 11:48:35;8001;1401882515;AMS;FRA;UNK;UNK
701;86;2014-06-04 11:48:45;8001;1401882525;AMS;FRA;UNK;UNK
701;90;2014-06-04 11:49:17;8001;1401882557;AMS;FRA;UNK;UNK
701;92;2014-06-04 11:52:18;8001;1401882738;AMS;FRA;UNK;UNK
701;90;2014-06-04 11:55:19;8001;1401882919;AMS;FRA;UNK;UNK
701;90;2014-06-04 11:59:34;8001;1401883174;AMS;FRA;UNK;UNK
701;88;2014-06-04 12:02:35;8001;1401883355;AMS;FRA;UNK;UNK
701;88;2014-06-04 12:07:40;8001;1401883660;AMS;FRA;UNK;UNK
701;90;2014-06-04 12:10:33;8001;1401883833;AMS;FRA;UNK;UNK
701;86;2014-06-04 12:11:05;8001;1401883865;AMS;FRA;UNK;UNK
701;90;2014-06-04 12:11:50;8001;1401883910;AMS;FRA;UNK;UNK
701;88;2014-06-04 12:14:51;8001;1401884091;AMS;FRA;UNK;UNK
701;90;2014-06-04 12:17:12;8001;1401884232;AMS;FRA;UNK;UNK
701;90;2014-06-04 12:20:12;8001;1401884412;AMS;FRA;UNK;UNK
701;90;2014-06-04 12:24:18;8001;1401884658;AMS;FRA;UNK;UNK
701;90;2014-06-04 12:27:18;8001;1401884838;AMS;FRA;UNK;UNK
701;90;2014-06-04 12:29:05;8001;1401884945;AMS;FRA;UNK;UNK
701;90;2014-06-04 12:32:06;8001;1401885126;AMS;FRA;UNK;UNK
701;90;2014-06-04 12:37:12;8001;1401885432;AMS;FRA;UNK;UNK
701;90;2014-06-04 12:40:14;8001;1401885614;AMS;FRA;UNK;UNK
701;90;2014-06-04 12:43:15;8001;1401885795;AMS;FRA;UNK;UNK
701;90;2014-06-04 12:43:53;8001;1401885833;AMS;FRA;UNK;UNK
701;88;2014-06-04 12:46:54;8001;1401886014;AMS;FRA;UNK;UNK
701;90;2014-06-04 12:47:40;8001;1401886060;AMS;FRA;UNK;UNK
701;90;2014-06-04 12:47:40;8001;1401886060;AMS;FRA;UNK;UNK
701;90;2014-06-04 12:47:40;8001;1401886060;AMS;FRA;UNK;UNK
701;90;2014-06-04 12:47:40;8001;1401886060;AMS;FRA;UNK;UNK
701;90;2014-06-04 12:47:40;8001;1401886060;AMS;FRA;UNK;UNK
701;90;2014-06-04 12:47:40;8001;1401886060;AMS;FRA;UNK;UNK
701;90;2014-06-04 12:48:06;8001;1401886086;AMS;FRA;UNK;UNK
701;86;2014-06-04 12:49:18;8001;1401886158;AMS;FRA;UNK;UNK
701;84;2014-06-04 12:50:50;8001;1401886250;AMS;FRA;UNK;UNK
701;84;2014-06-04 12:51:04;8001;1401886264;AMS;FRA;UNK;UNK
701;84;2014-06-04 12:54:14;8001;1401886454;AMS;FRA;UNK;UNK
701;84;2014-06-04 12:59:23;8001;1401886763;AMS;FRA;UNK;UNK
701;80;2014-06-04 13:04:31;8001;1401887071;AMS;FRA;UNK;UNK
701;86;2014-06-04 13:07:22;8001;1401887242;AMS;FRA;UNK;UNK
701;84;2014-06-04 13:12:27;8001;1401887547;AMS;FRA;UNK;UNK
701;86;2014-06-04 13:17:31;8001;1401887851;AMS;FRA;UNK;UNK
701;86;2014-06-04 13:22:35;8001;1401888155;AMS;FRA;UNK;UNK
701;86;2014-06-04 13:27:39;8001;1401888459;AMS;FRA;UNK;UNK
701;88;2014-06-04 13:32:42;8001;1401888762;AMS;FRA;UNK;UNK
701;84;2014-06-04 13:37:21;8001;1401889041;AMS;FRA;UNK;UNK
701;86;2014-06-04 13:42:24;8001;1401889344;AMS;FRA;UNK;UNK
701;86;2014-06-04 13:47:30;8001;1401889650;AMS;FRA;UNK;UNK
701;86;2014-06-04 13:52:21;8001;1401889941;AMS;FRA;UNK;UNK
701;72;2014-06-04 13:54:29;8001;1401890069;AMS;FRA;UNK;UNK
701;84;2014-06-04 13:59:35;8001;1401890375;AMS;FRA;UNK;UNK
701;84;2014-06-04 14:04:40;8001;1401890680;AMS;FRA;UNK;UNK
701;84;2014-06-04 14:08:21;8001;1401890901;AMS;FRA;UNK;UNK
701;84;2014-06-04 14:13:25;8001;1401891205;AMS;FRA;UNK;UNK
701;84;2014-06-04 14:13:45;8001;1401891225;AMS;FRA;UNK;UNK
701;84;2014-06-04 14:18:49;8001;1401891529;AMS;FRA;UNK;UNK
701;84;2014-06-04 14:23:53;8001;1401891833;AMS;FRA;UNK;UNK
701;84;2014-06-04 14:24:20;8001;1401891860;AMS;FRA;UNK;UNK
701;84;2014-06-04 14:29:25;8001;1401892165;AMS;FRA;UNK;UNK
701;26;2014-06-04 14:34:31;8001;1401892471;AMS;FRA;UNK;UNK
701;0;2014-06-04 14:35:22;8001;1401892522;AMS;FRA;Overberg;NL
701;0;2014-06-04 14:35:22;8001;1401892522;AMS;FRA;Overberg;NL
701;0;2014-06-04 14:35:25;8001;1401892525;AMS;FRA;Overberg;NL
701;0;2014-06-04 14:35:25;8001;1401892525;AMS;FRA;Overberg;NL
701;0;2014-06-04 14:36:34;8001;1401892594;AMS;FRA;Overberg;NL
701;0;2014-06-04 14:37:21;8001;1401892641;AMS;FRA;Overberg;NL
701;0;2014-06-04 14:49:13;8001;1401893353;AMS;FRA;Overberg;NL
701;0;2014-06-04 15:04:21;8001;1401894261;AMS;FRA;Overberg;NL
701;0;2014-06-04 15:19:28;8001;1401895168;AMS;FRA;Overberg;NL
701;0;2014-06-04 15:22:09;8001;1401895329;AMS;FRA;Overberg;NL
701;0;2014-06-04 15:24:07;8001;1401895447;AMS;FRA;Overberg;NL
701;0;2014-06-04 15:24:11;8001;1401895451;AMS;FRA;Overberg;NL
701;0;2014-06-04 15:24:11;8001;1401895451;AMS;FRA;Overberg;NL
701;0;2014-06-04 15:24:16;8001;1401895456;AMS;FRA;Overberg;NL
701;0;2014-06-04 15:25:53;8001;1401895553;AMS;FRA;Overberg;NL
701;0;2014-06-04 15:25:53;8001;1401895553;AMS;FRA;Overberg;NL
701;16;2014-06-04 15:26:20;8001;1401895580;AMS;FRA;UNK;UNK
701;78;2014-06-04 15:31:23;8001;1401895883;AMS;FRA;UNK;UNK
701;78;2014-06-04 15:36:27;8001;1401896187;AMS;FRA;UNK;UNK
701;84;2014-06-04 15:41:32;8001;1401896492;AMS;FRA;UNK;UNK
701;84;2014-06-04 15:46:41;8001;1401896801;AMS;FRA;UNK;UNK
701;82;2014-06-04 15:51:53;8001;1401897113;AMS;FRA;UNK;UNK
701;84;2014-06-04 15:56:58;8001;1401897418;AMS;FRA;UNK;UNK
701;84;2014-06-04 16:02:03;8001;1401897723;AMS;FRA;UNK;UNK
701;80;2014-06-04 16:07:09;8001;1401898029;AMS;FRA;UNK;UNK
701;82;2014-06-04 16:12:15;8001;1401898335;AMS;FRA;UNK;UNK
701;84;2014-06-04 16:17:26;8001;1401898646;AMS;FRA;UNK;UNK
701;12;2014-06-04 16:22:36;8001;1401898956;AMS;FRA;Luchthaven Schiphol;NL
701;0;2014-06-04 16:23:16;8001;1401898996;AMS;FRA;Luchthaven Schiphol;NL
701;0;2014-06-04 16:23:17;8001;1401898997;AMS;FRA;Luchthaven Schiphol;NL
701;0;2014-06-04 16:23:17;8001;1401898997;AMS;FRA;Luchthaven Schiphol;NL
701;0;2014-06-04 16:24:40;8001;1401899080;AMS;FRA;Luchthaven Schiphol;NL
701;2;2014-06-04 16:24:51;8001;1401899091;AMS;FRA;Luchthaven Schiphol;NL
701;2;2014-06-04 16:24:55;8001;1401899095;AMS;FRA;Luchthaven Schiphol;NL
701;2;2014-06-04 16:24:55;8001;1401899095;AMS;FRA;Luchthaven Schiphol;NL
701;0;2014-06-04 16:25:42;8001;1401899142;AMS;FRA;Luchthaven Schiphol;NL
701;0;2014-06-04 16:25:42;8001;1401899142;AMS;FRA;Luchthaven Schiphol;NL
701;0;2014-06-04 16:25:42;8001;1401899142;AMS;FRA;Luchthaven Schiphol;NL
701;0;2014-06-04 16:28:19;8001;1401899299;AMS;FRA;Luchthaven Schiphol;NL
701;0;2014-06-04 16:34:49;8001;1401899689;AMS;FRA;Luchthaven Schiphol;NL
701;0;2014-06-04 16:52:27;8001;1401900747;AMS;FRA;Luchthaven Schiphol;NL
701;0;2014-06-04 16:52:27;8001;1401900747;AMS;FRA;Luchthaven Schiphol;NL
701;0;2014-06-04 16:54:07;8001;1401900847;AMS;FRA;Luchthaven Schiphol;NL
701;0;2014-06-04 16:54:12;8001;1401900852;AMS;FRA;Luchthaven Schiphol;NL
701;0;2014-06-04 16:55:25;8001;1401900925;AMS;FRA;Luchthaven Schiphol;NL
701;0;2014-06-04 16:57:43;8001;1401901063;AMS;FRA;Luchthaven Schiphol;NL
701;0;2014-06-04 17:05:46;8001;1401901546;AMS;FRA;Luchthaven Schiphol;NL
701;0;2014-06-04 17:05:47;8001;1401901547;AMS;FRA;Luchthaven Schiphol;NL
701;0;2014-06-04 17:06:54;8001;1401901614;AMS;FRA;Luchthaven Schiphol;NL
701;0;2014-06-04 17:12:00;8001;1401901920;AMS;FRA;Luchthaven Schiphol;NL
701;0;2014-06-04 17:12:49;8001;1401901969;AMS;FRA;Luchthaven Schiphol;NL
701;0;2014-06-04 17:13:20;8001;1401902000;AMS;FRA;Luchthaven Schiphol;NL
701;0;2014-06-04 17:16:22;8001;1401902182;AMS;FRA;Luchthaven Schiphol;NL
701;0;2014-06-04 17:16:30;8001;1401902190;AMS;FRA;Luchthaven Schiphol;NL
701;0;2014-06-04 17:17:25;8001;1401902245;AMS;FRA;Luchthaven Schiphol;NL
701;0;2014-06-04 17:18:30;8001;1401902310;AMS;FRA;Luchthaven Schiphol;NL
701;0;2014-06-04 17:18:33;8001;1401902313;AMS;FRA;Luchthaven Schiphol;NL
701;0;2014-06-04 17:18:34;8001;1401902314;AMS;FRA;Luchthaven Schiphol;NL
701;0;2014-06-04 17:19:09;8001;1401902349;AMS;FRA;Luchthaven Schiphol;NL
701;0;2014-06-04 17:20:37;8001;1401902437;AMS;FRA;Luchthaven Schiphol;NL
701;0;2014-06-04 17:23:19;8001;1401902599;AMS;FRA;Luchthaven Schiphol;NL
701;0;2014-06-04 17:47:31;8001;1401904051;AMS;FRA;Luchthaven Schiphol;NL
701;0;2014-06-04 17:47:50;8001;1401904070;AMS;FRA;Luchthaven Schiphol;NL
701;0;2014-06-04 17:50:20;8001;1401904220;AMS;FRA;Luchthaven Schiphol;NL
701;4;2014-06-04 18:01:27;8001;1401904887;AMS;FRA;Luchthaven Schiphol;NL
701;22;2014-06-04 18:02:21;8001;1401904941;AMS;FRA;Luchthaven Schiphol;NL
701;0;2014-06-04 18:05:06;8001;1401905106;AMS;FRA;Luchthaven Schiphol;NL
701;0;2014-06-04 18:05:13;8001;1401905113;AMS;FRA;Luchthaven Schiphol;NL
701;0;2014-06-04 18:05:13;8001;1401905113;AMS;FRA;Luchthaven Schiphol;NL
701;0;2014-06-04 18:05:17;8001;1401905117;AMS;FRA;Luchthaven Schiphol;NL
701;0;2014-06-04 18:05:18;8001;1401905118;AMS;FRA;Luchthaven Schiphol;NL
701;0;2014-06-04 18:05:18;8001;1401905118;AMS;FRA;Luchthaven Schiphol;NL
701;0;2014-06-04 18:07:19;8001;1401905239;AMS;FRA;Luchthaven Schiphol;NL
701;0;2014-06-04 18:20:13;8001;1401906013;AMS;FRA;Luchthaven Schiphol;NL
701;0;2014-06-04 18:20:14;8001;1401906014;AMS;FRA;Luchthaven Schiphol;NL
701;0;2014-06-04 18:20:14;8001;1401906014;AMS;FRA;Luchthaven Schiphol;NL
702;0;2014-06-07 00:16:45;8002;1402100205;AMS;FRA;Frankfort aan de Main;DE
702;0;2014-06-07 00:16:45;8002;1402100205;AMS;FRA;Frankfort aan de Main;DE
702;0;2014-06-07 00:16:45;8002;1402100205;AMS;FRA;Frankfort aan de Main;DE
702;0;2014-06-07 00:20:44;8002;1402100444;AMS;FRA;Frankfort aan de Main;DE
702;0;2014-06-07 00:39:45;8002;1402101585;AMS;FRA;Frankfort aan de Main;DE
702;0;2014-06-07 00:43:29;8002;1402101809;AMS;FRA;Frankfort aan de Main;DE
702;0;2014-06-07 00:45:46;8002;1402101946;AMS;FRA;Frankfort aan de Main;DE
702;0;2014-06-07 00:47:50;8002;1402102070;AMS;FRA;Frankfort aan de Main;DE
702;30;2014-06-07 00:48:20;8002;1402102100;AMS;FRA;Frankfort aan de Main;DE
702;30;2014-06-07 00:48:20;8002;1402102100;AMS;FRA;Frankfort aan de Main;DE
702;30;2014-06-07 00:48:20;8002;1402102100;AMS;FRA;Frankfort aan de Main;DE
702;32;2014-06-07 00:48:45;8002;1402102125;AMS;FRA;Frankfort aan de Main;DE
702;20;2014-06-07 00:49:21;8002;1402102161;AMS;FRA;Frankfort aan de Main;DE
702;28;2014-06-07 00:49:23;8002;1402102163;AMS;FRA;Frankfort aan de Main;DE
702;78;2014-06-07 00:54:24;8002;1402102464;AMS;FRA;Frankfort aan de Main;DE
702;90;2014-06-07 00:59:25;8002;1402102765;AMS;FRA;Frankfort aan de Main;DE
702;88;2014-06-07 01:04:26;8002;1402103066;AMS;FRA;UNK;UNK
702;88;2014-06-07 01:09:27;8002;1402103367;AMS;FRA;UNK;UNK
702;58;2014-06-07 01:14:28;8002;1402103668;AMS;FRA;UNK;UNK
702;78;2014-06-07 01:24:30;8002;1402104270;AMS;FRA;UNK;UNK
702;90;2014-06-07 01:28:14;8002;1402104494;AMS;FRA;UNK;UNK
702;86;2014-06-07 01:29:08;8002;1402104548;AMS;FRA;UNK;UNK
702;90;2014-06-07 01:29:21;8002;1402104561;AMS;FRA;UNK;UNK
702;92;2014-06-07 01:32:33;8002;1402104753;AMS;FRA;UNK;UNK
702;86;2014-06-07 01:34:56;8002;1402104896;AMS;FRA;UNK;UNK
702;88;2014-06-07 01:39:57;8002;1402105197;AMS;FRA;UNK;UNK
702;90;2014-06-07 01:40:15;8002;1402105215;AMS;FRA;UNK;UNK
702;86;2014-06-07 01:40:35;8002;1402105235;AMS;FRA;UNK;UNK
702;66;2014-06-07 01:45:36;8002;1402105536;AMS;FRA;UNK;UNK
702;90;2014-06-07 01:47:30;8002;1402105650;AMS;FRA;UNK;UNK
702;90;2014-06-07 01:50:35;8002;1402105835;AMS;FRA;UNK;UNK
702;90;2014-06-07 01:50:51;8002;1402105851;AMS;FRA;UNK;UNK
702;86;2014-06-07 01:51:29;8002;1402105889;AMS;FRA;UNK;UNK
702;88;2014-06-07 01:56:31;8002;1402106191;AMS;FRA;UNK;UNK
702;88;2014-06-07 02:01:32;8002;1402106492;AMS;FRA;UNK;UNK
702;88;2014-06-07 02:06:34;8002;1402106794;AMS;FRA;UNK;UNK
702;88;2014-06-07 02:11:35;8002;1402107095;AMS;FRA;UNK;UNK
702;90;2014-06-07 02:16:36;8002;1402107396;AMS;FRA;UNK;UNK
702;72;2014-06-07 02:21:37;8002;1402107697;AMS;FRA;UNK;UNK
702;90;2014-06-07 02:23:06;8002;1402107786;AMS;FRA;UNK;UNK
702;86;2014-06-07 02:23:26;8002;1402107806;AMS;FRA;UNK;UNK
702;90;2014-06-07 02:28:28;8002;1402108108;AMS;FRA;UNK;UNK
702;94;2014-06-07 02:32:40;8002;1402108360;AMS;FRA;UNK;UNK
702;90;2014-06-07 02:36:10;8002;1402108570;AMS;FRA;UNK;UNK
702;86;2014-06-07 02:41:11;8002;1402108871;AMS;FRA;UNK;UNK
702;88;2014-06-07 02:46:12;8002;1402109172;AMS;FRA;UNK;UNK
702;88;2014-06-07 02:51:13;8002;1402109473;AMS;FRA;UNK;UNK
702;60;2014-06-07 03:01:16;8002;1402110076;AMS;FRA;UNK;UNK
702;88;2014-06-07 03:11:19;8002;1402110679;AMS;FRA;UNK;UNK
702;88;2014-06-07 03:16:20;8002;1402110980;AMS;FRA;UNK;UNK
702;88;2014-06-07 03:21:22;8002;1402111282;AMS;FRA;UNK;UNK
702;86;2014-06-07 03:26:23;8002;1402111583;AMS;FRA;UNK;UNK
702;90;2014-06-07 03:26:46;8002;1402111606;AMS;FRA;UNK;UNK
702;88;2014-06-07 03:29:47;8002;1402111787;AMS;FRA;UNK;UNK
702;88;2014-06-07 03:29:47;8002;1402111787;AMS;FRA;UNK;UNK
702;90;2014-06-07 03:30:26;8002;1402111826;AMS;FRA;UNK;UNK
702;90;2014-06-07 03:33:26;8002;1402112006;AMS;FRA;UNK;UNK
702;90;2014-06-07 03:34:27;8002;1402112067;AMS;FRA;UNK;UNK
702;88;2014-06-07 03:42:29;8002;1402112549;AMS;FRA;UNK;UNK
702;88;2014-06-07 03:47:30;8002;1402112850;AMS;FRA;UNK;UNK
702;90;2014-06-07 03:52:31;8002;1402113151;AMS;FRA;UNK;UNK
702;88;2014-06-07 03:57:33;8002;1402113453;AMS;FRA;UNK;UNK
702;0;2014-06-07 04:02:06;8002;1402113726;AMS;FRA;H??nxe;DE
702;0;2014-06-07 04:02:06;8002;1402113726;AMS;FRA;H??nxe;DE
702;0;2014-06-07 04:02:17;8002;1402113737;AMS;FRA;H??nxe;DE
702;0;2014-06-07 04:02:21;8002;1402113741;AMS;FRA;H??nxe;DE
702;0;2014-06-07 04:02:21;8002;1402113741;AMS;FRA;H??nxe;DE
702;0;2014-06-07 04:02:30;8002;1402113750;AMS;FRA;H??nxe;DE
702;0;2014-06-07 04:04:44;8002;1402113884;AMS;FRA;H??nxe;DE
702;0;2014-06-07 04:26:51;8002;1402115211;AMS;FRA;H??nxe;DE
702;0;2014-06-07 04:46:01;8002;1402116361;AMS;FRA;H??nxe;DE
702;0;2014-06-07 04:46:58;8002;1402116418;AMS;FRA;H??nxe;DE
702;0;2014-06-07 04:46:58;8002;1402116418;AMS;FRA;H??nxe;DE
702;0;2014-06-07 04:47:08;8002;1402116428;AMS;FRA;H??nxe;DE
702;0;2014-06-07 04:47:08;8002;1402116428;AMS;FRA;H??nxe;DE
702;66;2014-06-07 04:47:45;8002;1402116465;AMS;FRA;UNK;UNK
702;90;2014-06-07 04:52:29;8002;1402116749;AMS;FRA;UNK;UNK
702;90;2014-06-07 04:52:50;8002;1402116770;AMS;FRA;UNK;UNK
702;90;2014-06-07 04:57:52;8002;1402117072;AMS;FRA;UNK;UNK
702;78;2014-06-07 05:02:54;8002;1402117374;AMS;FRA;UNK;UNK
702;90;2014-06-07 05:07:57;8002;1402117677;AMS;FRA;UNK;UNK
702;90;2014-06-07 05:12:59;8002;1402117979;AMS;FRA;UNK;UNK
702;90;2014-06-07 05:15:44;8002;1402118144;AMS;FRA;UNK;UNK
702;90;2014-06-07 05:20:47;8002;1402118447;AMS;FRA;UNK;UNK
702;78;2014-06-07 05:23:54;8002;1402118634;AMS;FRA;UNK;UNK
702;84;2014-06-07 05:24:05;8002;1402118645;AMS;FRA;UNK;UNK
702;82;2014-06-07 05:34:09;8002;1402119249;AMS;FRA;UNK;UNK
702;84;2014-06-07 05:39:11;8002;1402119551;AMS;FRA;UNK;UNK
702;84;2014-06-07 05:44:13;8002;1402119853;AMS;FRA;UNK;UNK
702;84;2014-06-07 05:45:45;8002;1402119945;AMS;FRA;UNK;UNK
702;82;2014-06-07 05:50:46;8002;1402120246;AMS;FRA;UNK;UNK
702;84;2014-06-07 05:55:47;8002;1402120547;AMS;FRA;UNK;UNK
702;84;2014-06-07 06:00:48;8002;1402120848;AMS;FRA;UNK;UNK
702;84;2014-06-07 06:01:44;8002;1402120904;AMS;FRA;UNK;UNK
702;84;2014-06-07 06:06:45;8002;1402121205;AMS;FRA;UNK;UNK
702;84;2014-06-07 06:11:45;8002;1402121505;AMS;FRA;UNK;UNK
702;74;2014-06-07 06:16:46;8002;1402121806;AMS;FRA;UNK;UNK
702;78;2014-06-07 06:17:45;8002;1402121865;AMS;FRA;UNK;UNK
702;84;2014-06-07 06:22:46;8002;1402122166;AMS;FRA;UNK;UNK
702;84;2014-06-07 06:27:47;8002;1402122467;AMS;FRA;UNK;UNK
702;82;2014-06-07 06:32:47;8002;1402122767;AMS;FRA;UNK;UNK
702;84;2014-06-07 06:33:44;8002;1402122824;AMS;FRA;UNK;UNK
702;82;2014-06-07 06:38:46;8002;1402123126;AMS;FRA;UNK;UNK
702;70;2014-06-07 06:43:47;8002;1402123427;AMS;FRA;UNK;UNK
702;84;2014-06-07 06:54:45;8002;1402124085;AMS;FRA;Luchthaven Schiphol;NL
702;18;2014-06-07 07:01:45;8002;1402124505;AMS;FRA;Luchthaven Schiphol;NL
702;0;2014-06-07 07:03:03;8002;1402124583;AMS;FRA;Luchthaven Schiphol;NL
702;0;2014-06-07 07:03:04;8002;1402124584;AMS;FRA;Luchthaven Schiphol;NL
702;0;2014-06-07 07:03:04;8002;1402124584;AMS;FRA;Luchthaven Schiphol;NL
702;0;2014-06-07 07:03:07;8002;1402124587;AMS;FRA;Luchthaven Schiphol;NL
702;0;2014-06-07 07:05:11;8002;1402124711;AMS;FRA;Luchthaven Schiphol;NL
702;0;2014-06-07 07:05:11;8002;1402124711;AMS;FRA;Luchthaven Schiphol;NL
702;0;2014-06-07 07:05:21;8002;1402124721;AMS;FRA;Luchthaven Schiphol;NL
702;0;2014-06-07 07:05:44;8002;1402124744;AMS;FRA;Luchthaven Schiphol;NL
702;0;2014-06-07 07:07:45;8002;1402124865;AMS;FRA;Luchthaven Schiphol;NL
702;0;2014-06-07 07:22:51;8002;1402125771;AMS;FRA;Luchthaven Schiphol;NL
702;0;2014-06-07 07:25:39;8002;1402125939;AMS;FRA;Luchthaven Schiphol;NL
702;12;2014-06-07 07:25:44;8002;1402125944;AMS;FRA;Luchthaven Schiphol;NL
702;4;2014-06-07 07:26:43;8002;1402126003;AMS;FRA;Luchthaven Schiphol;NL
702;2;2014-06-07 07:26:44;8002;1402126004;AMS;FRA;Luchthaven Schiphol;NL
702;2;2014-06-07 07:26:44;8002;1402126004;AMS;FRA;Luchthaven Schiphol;NL
702;0;2014-06-07 07:26:49;8002;1402126009;AMS;FRA;Luchthaven Schiphol;NL
702;0;2014-06-07 07:26:49;8002;1402126009;AMS;FRA;Luchthaven Schiphol;NL
702;0;2014-06-07 07:26:55;8002;1402126015;AMS;FRA;Luchthaven Schiphol;NL
702;0;2014-06-07 07:29:43;8002;1402126183;AMS;FRA;Luchthaven Schiphol;NL
702;0;2014-06-07 07:32:08;8002;1402126328;AMS;FRA;Luchthaven Schiphol;NL
702;6;2014-06-07 07:32:44;8002;1402126364;AMS;FRA;Luchthaven Schiphol;NL
702;0;2014-06-07 07:35:44;8002;1402126544;AMS;FRA;Luchthaven Schiphol;NL
702;0;2014-06-07 07:40:02;8002;1402126802;AMS;FRA;Luchthaven Schiphol;NL
702;0;2014-06-07 07:40:02;8002;1402126802;AMS;FRA;Luchthaven Schiphol;NL
702;0;2014-06-07 07:40:07;8002;1402126807;AMS;FRA;Luchthaven Schiphol;NL
702;0;2014-06-07 07:40:07;8002;1402126807;AMS;FRA;Luchthaven Schiphol;NL
702;0;2014-06-07 07:40:07;8002;1402126807;AMS;FRA;Luchthaven Schiphol;NL
702;0;2014-06-07 07:43:08;8002;1402126988;AMS;FRA;Luchthaven Schiphol;NL
702;2;2014-06-07 07:43:44;8002;1402127024;AMS;FRA;Luchthaven Schiphol;NL
702;0;2014-06-07 07:46:43;8002;1402127203;AMS;FRA;Luchthaven Schiphol;NL
702;0;2014-06-07 07:47:44;8002;1402127264;AMS;FRA;Luchthaven Schiphol;NL
702;0;2014-06-07 07:49:44;8002;1402127384;AMS;FRA;Luchthaven Schiphol;NL
702;0;2014-06-07 07:54:44;8002;1402127684;AMS;FRA;Luchthaven Schiphol;NL
702;0;2014-06-07 07:56:42;8002;1402127802;AMS;FRA;Luchthaven Schiphol;NL
702;0;2014-06-07 07:57:45;8002;1402127865;AMS;FRA;Luchthaven Schiphol;NL
702;0;2014-06-07 07:59:43;8002;1402127983;AMS;FRA;Luchthaven Schiphol;NL
702;0;2014-06-07 08:06:50;8002;1402128410;AMS;FRA;Luchthaven Schiphol;NL
702;0;2014-06-07 08:07:09;8002;1402128429;AMS;FRA;Luchthaven Schiphol;NL
702;0;2014-06-07 08:07:09;8002;1402128429;AMS;FRA;Luchthaven Schiphol;NL
702;0;2014-06-07 08:07:09;8002;1402128429;AMS;FRA;Luchthaven Schiphol;NL
703;0;2014-06-07 14:13:12;8003;1402150392;AMS;FRA;Frankfort aan de Main;DE
703;0;2014-06-07 14:13:12;8003;1402150392;AMS;FRA;Frankfort aan de Main;DE
703;0;2014-06-07 14:13:12;8003;1402150392;AMS;FRA;Frankfort aan de Main;DE
703;0;2014-06-07 14:13:17;8003;1402150397;AMS;FRA;Frankfort aan de Main;DE
703;0;2014-06-07 14:13:27;8003;1402150407;AMS;FRA;Frankfort aan de Main;DE
703;0;2014-06-07 14:14:02;8003;1402150442;AMS;FRA;Frankfort aan de Main;DE
703;0;2014-06-07 14:15:51;8003;1402150551;AMS;FRA;Frankfort aan de Main;DE
703;0;2014-06-07 14:21:48;8003;1402150908;AMS;FRA;Frankfort aan de Main;DE
703;0;2014-06-07 14:39:39;8003;1402151979;AMS;FRA;Frankfort aan de Main;DE
703;0;2014-06-07 14:39:42;8003;1402151982;AMS;FRA;Frankfort aan de Main;DE
703;0;2014-06-07 14:39:42;8003;1402151982;AMS;FRA;Frankfort aan de Main;DE
703;0;2014-06-07 14:40:32;8003;1402152032;AMS;FRA;Frankfort aan de Main;DE
703;0;2014-06-07 14:42:18;8003;1402152138;AMS;FRA;Frankfort aan de Main;DE
703;0;2014-06-07 14:42:19;8003;1402152139;AMS;FRA;Frankfort aan de Main;DE
703;0;2014-06-07 14:44:34;8003;1402152274;AMS;FRA;Frankfort aan de Main;DE
703;0;2014-06-07 14:48:24;8003;1402152504;AMS;FRA;Frankfort aan de Main;DE
703;6;2014-06-07 14:48:59;8003;1402152539;AMS;FRA;Frankfort aan de Main;DE
703;6;2014-06-07 14:48:59;8003;1402152539;AMS;FRA;Frankfort aan de Main;DE
703;0;2014-06-07 14:49:17;8003;1402152557;AMS;FRA;Frankfort aan de Main;DE
703;40;2014-06-07 14:50:06;8003;1402152606;AMS;FRA;Frankfort aan de Main;DE
703;40;2014-06-07 14:50:07;8003;1402152607;AMS;FRA;Frankfort aan de Main;DE
703;40;2014-06-07 14:51:21;8003;1402152681;AMS;FRA;Frankfort aan de Main;DE
703;18;2014-06-07 14:51:24;8003;1402152684;AMS;FRA;Frankfort aan de Main;DE
703;30;2014-06-07 14:52:08;8003;1402152728;AMS;FRA;Frankfort aan de Main;DE
703;30;2014-06-07 14:52:10;8003;1402152730;AMS;FRA;Frankfort aan de Main;DE
703;0;2014-06-07 14:54:30;8003;1402152870;AMS;FRA;Frankfort aan de Main;DE
703;20;2014-06-07 14:55:23;8003;1402152923;AMS;FRA;Frankfort aan de Main;DE
703;20;2014-06-07 14:55:23;8003;1402152923;AMS;FRA;Frankfort aan de Main;DE
703;50;2014-06-07 14:56:32;8003;1402152992;AMS;FRA;Frankfort aan de Main;DE
703;50;2014-06-07 14:56:32;8003;1402152992;AMS;FRA;Frankfort aan de Main;DE
703;74;2014-06-07 14:57:13;8003;1402153033;AMS;FRA;Frankfort aan de Main;DE
703;74;2014-06-07 14:57:15;8003;1402153035;AMS;FRA;Frankfort aan de Main;DE
703;70;2014-06-07 15:02:23;8003;1402153343;AMS;FRA;UNK;UNK
703;82;2014-06-07 15:07:36;8003;1402153656;AMS;FRA;UNK;UNK
703;90;2014-06-07 15:12:47;8003;1402153967;AMS;FRA;UNK;UNK
703;90;2014-06-07 15:17:03;8003;1402154223;AMS;FRA;UNK;UNK
703;86;2014-06-07 15:17:16;8003;1402154236;AMS;FRA;UNK;UNK
703;88;2014-06-07 15:22:24;8003;1402154544;AMS;FRA;UNK;UNK
703;90;2014-06-07 15:23:48;8003;1402154628;AMS;FRA;UNK;UNK
703;86;2014-06-07 15:26:14;8003;1402154774;AMS;FRA;UNK;UNK
703;90;2014-06-07 15:26:40;8003;1402154800;AMS;FRA;UNK;UNK
703;96;2014-06-07 15:27:34;8003;1402154854;AMS;FRA;UNK;UNK
703;102;2014-06-07 15:29:25;8003;1402154965;AMS;FRA;UNK;UNK
703;86;2014-06-07 15:30:12;8003;1402155012;AMS;FRA;UNK;UNK
703;90;2014-06-07 15:32:39;8003;1402155159;AMS;FRA;UNK;UNK
703;96;2014-06-07 15:33:35;8003;1402155215;AMS;FRA;UNK;UNK
703;88;2014-06-07 15:36:36;8003;1402155396;AMS;FRA;UNK;UNK
703;90;2014-06-07 15:36:45;8003;1402155405;AMS;FRA;UNK;UNK
703;96;2014-06-07 15:39:03;8003;1402155543;AMS;FRA;UNK;UNK
703;86;2014-06-07 15:40:13;8003;1402155613;AMS;FRA;UNK;UNK
703;90;2014-06-07 15:44:12;8003;1402155852;AMS;FRA;UNK;UNK
703;86;2014-06-07 15:44:52;8003;1402155892;AMS;FRA;UNK;UNK
703;90;2014-06-07 15:45:23;8003;1402155923;AMS;FRA;UNK;UNK
703;86;2014-06-07 15:47:45;8003;1402156065;AMS;FRA;UNK;UNK
703;90;2014-06-07 15:52:13;8003;1402156333;AMS;FRA;UNK;UNK
703;86;2014-06-07 15:53:50;8003;1402156430;AMS;FRA;UNK;UNK
703;86;2014-06-07 16:04:05;8003;1402157045;AMS;FRA;UNK;UNK
703;88;2014-06-07 16:09:16;8003;1402157356;AMS;FRA;UNK;UNK
703;76;2014-06-07 16:14:22;8003;1402157662;AMS;FRA;UNK;UNK
703;96;2014-06-07 16:17:34;8003;1402157854;AMS;FRA;UNK;UNK
703;86;2014-06-07 16:18:21;8003;1402157901;AMS;FRA;UNK;UNK
703;90;2014-06-07 16:21:34;8003;1402158094;AMS;FRA;UNK;UNK
703;90;2014-06-07 16:24:35;8003;1402158275;AMS;FRA;UNK;UNK
703;86;2014-06-07 16:26:31;8003;1402158391;AMS;FRA;UNK;UNK
703;96;2014-06-07 16:28:28;8003;1402158508;AMS;FRA;UNK;UNK
703;86;2014-06-07 16:28:36;8003;1402158516;AMS;FRA;UNK;UNK
703;90;2014-06-07 16:32:19;8003;1402158739;AMS;FRA;UNK;UNK
703;86;2014-06-07 16:35:03;8003;1402158903;AMS;FRA;UNK;UNK
703;90;2014-06-07 16:35:32;8003;1402158932;AMS;FRA;UNK;UNK
703;86;2014-06-07 16:36:33;8003;1402158993;AMS;FRA;UNK;UNK
703;90;2014-06-07 16:37:13;8003;1402159033;AMS;FRA;UNK;UNK
703;96;2014-06-07 16:37:20;8003;1402159040;AMS;FRA;UNK;UNK
703;102;2014-06-07 16:37:25;8003;1402159045;AMS;FRA;UNK;UNK
703;86;2014-06-07 16:39:31;8003;1402159171;AMS;FRA;UNK;UNK
703;90;2014-06-07 16:39:59;8003;1402159199;AMS;FRA;UNK;UNK
703;96;2014-06-07 16:40:54;8003;1402159254;AMS;FRA;UNK;UNK
703;90;2014-06-07 16:43:55;8003;1402159435;AMS;FRA;UNK;UNK
703;90;2014-06-07 16:47:48;8003;1402159668;AMS;FRA;UNK;UNK
703;86;2014-06-07 16:48:35;8003;1402159715;AMS;FRA;UNK;UNK
703;90;2014-06-07 16:48:56;8003;1402159736;AMS;FRA;UNK;UNK
703;90;2014-06-07 16:49:34;8003;1402159774;AMS;FRA;UNK;UNK
703;88;2014-06-07 16:54:55;8003;1402160095;AMS;FRA;UNK;UNK
703;90;2014-06-07 17:00:12;8003;1402160412;AMS;FRA;UNK;UNK
703;90;2014-06-07 17:05:41;8003;1402160741;AMS;FRA;UNK;UNK
703;90;2014-06-07 17:11:05;8003;1402161065;AMS;FRA;UNK;UNK
703;90;2014-06-07 17:16:28;8003;1402161388;AMS;FRA;UNK;UNK
703;90;2014-06-07 17:18:18;8003;1402161498;AMS;FRA;UNK;UNK
703;90;2014-06-07 17:21:18;8003;1402161678;AMS;FRA;UNK;UNK
703;90;2014-06-07 17:26:40;8003;1402162000;AMS;FRA;UNK;UNK
703;90;2014-06-07 17:31:59;8003;1402162319;AMS;FRA;UNK;UNK
703;90;2014-06-07 17:37:16;8003;1402162636;AMS;FRA;UNK;UNK
703;90;2014-06-07 17:42:34;8003;1402162954;AMS;FRA;UNK;UNK
703;88;2014-06-07 17:47:58;8003;1402163278;AMS;FRA;UNK;UNK
703;56;2014-06-07 17:53:25;8003;1402163605;AMS;FRA;UNK;UNK
703;90;2014-06-07 17:58:45;8003;1402163925;AMS;FRA;UNK;UNK
703;58;2014-06-07 18:04:04;8003;1402164244;AMS;FRA;UNK;UNK
703;58;2014-06-07 18:09:19;8003;1402164559;AMS;FRA;UNK;UNK
703;90;2014-06-07 18:14:38;8003;1402164878;AMS;FRA;UNK;UNK
703;38;2014-06-07 18:19:08;8003;1402165148;AMS;FRA;UNK;UNK
703;0;2014-06-07 18:22:39;8003;1402165359;AMS;FRA;UNK;UNK
703;0;2014-06-07 18:22:40;8003;1402165360;AMS;FRA;Swalmen;NL
703;0;2014-06-07 18:22:40;8003;1402165360;AMS;FRA;Swalmen;NL
703;0;2014-06-07 18:22:41;8003;1402165361;AMS;FRA;Swalmen;NL
703;0;2014-06-07 18:23:21;8003;1402165401;AMS;FRA;Swalmen;NL
703;0;2014-06-07 18:23:21;8003;1402165401;AMS;FRA;Swalmen;NL
703;0;2014-06-07 18:24:51;8003;1402165491;AMS;FRA;Swalmen;NL
703;0;2014-06-07 18:26:58;8003;1402165618;AMS;FRA;Swalmen;NL
703;0;2014-06-07 18:28:40;8003;1402165720;AMS;FRA;Swalmen;NL
703;0;2014-06-07 18:29:26;8003;1402165766;AMS;FRA;Swalmen;NL
703;0;2014-06-07 18:29:31;8003;1402165771;AMS;FRA;Swalmen;NL
703;0;2014-06-07 18:29:31;8003;1402165771;AMS;FRA;Swalmen;NL
703;0;2014-06-07 18:29:31;8003;1402165771;AMS;FRA;Swalmen;NL
703;0;2014-06-07 18:29:34;8003;1402165774;AMS;FRA;Swalmen;NL
703;0;2014-06-07 18:29:35;8003;1402165775;AMS;FRA;Swalmen;NL
703;0;2014-06-07 18:29:35;8003;1402165775;AMS;FRA;Swalmen;NL
703;0;2014-06-07 18:29:58;8003;1402165798;AMS;FRA;Swalmen;NL
703;0;2014-06-07 18:29:58;8003;1402165798;AMS;FRA;Swalmen;NL
703;0;2014-06-07 18:29:58;8003;1402165798;AMS;FRA;Swalmen;NL
703;0;2014-06-07 18:29:58;8003;1402165798;AMS;FRA;Swalmen;NL
703;0;2014-06-07 18:33:07;8003;1402165987;AMS;FRA;Swalmen;NL
703;0;2014-06-07 18:37:10;8003;1402166230;AMS;FRA;Swalmen;NL
703;0;2014-06-07 18:37:49;8003;1402166269;AMS;FRA;Swalmen;NL
703;0;2014-06-07 18:46:58;8003;1402166818;AMS;FRA;Swalmen;NL
703;0;2014-06-07 18:47:32;8003;1402166852;AMS;FRA;Swalmen;NL
703;0;2014-06-07 18:47:33;8003;1402166853;AMS;FRA;Swalmen;NL
703;0;2014-06-07 18:47:33;8003;1402166853;AMS;FRA;Swalmen;NL
703;0;2014-06-07 18:47:33;8003;1402166853;AMS;FRA;Swalmen;NL
703;0;2014-06-07 18:48:37;8003;1402166917;AMS;FRA;Swalmen;NL
703;0;2014-06-07 18:48:39;8003;1402166919;AMS;FRA;Swalmen;NL
703;0;2014-06-07 18:48:39;8003;1402166919;AMS;FRA;Swalmen;NL
703;0;2014-06-07 18:48:39;8003;1402166919;AMS;FRA;Swalmen;NL
703;0;2014-06-07 18:48:43;8003;1402166923;AMS;FRA;Swalmen;NL
703;0;2014-06-07 18:48:44;8003;1402166924;AMS;FRA;Swalmen;NL
703;0;2014-06-07 18:48:44;8003;1402166924;AMS;FRA;Swalmen;NL
703;0;2014-06-07 18:51:30;8003;1402167090;AMS;FRA;Swalmen;NL
703;0;2014-06-07 18:51:31;8003;1402167091;AMS;FRA;Swalmen;NL
703;0;2014-06-07 18:52:30;8003;1402167150;AMS;FRA;Swalmen;NL
703;0;2014-06-07 18:52:31;8003;1402167151;AMS;FRA;Swalmen;NL
703;8;2014-06-07 18:52:51;8003;1402167171;AMS;FRA;UNK;UNK
703;48;2014-06-07 18:58:05;8003;1402167485;AMS;FRA;UNK;UNK
703;86;2014-06-07 19:03:17;8003;1402167797;AMS;FRA;UNK;UNK
703;86;2014-06-07 19:08:33;8003;1402168113;AMS;FRA;UNK;UNK
703;86;2014-06-07 19:13:58;8003;1402168438;AMS;FRA;UNK;UNK
703;82;2014-06-07 19:19:17;8003;1402168757;AMS;FRA;UNK;UNK
703;82;2014-06-07 19:24:35;8003;1402169075;AMS;FRA;UNK;UNK
703;82;2014-06-07 19:29:50;8003;1402169390;AMS;FRA;UNK;UNK
703;84;2014-06-07 19:35:04;8003;1402169704;AMS;FRA;UNK;UNK
703;84;2014-06-07 19:40:21;8003;1402170021;AMS;FRA;UNK;UNK
703;82;2014-06-07 19:45:38;8003;1402170338;AMS;FRA;UNK;UNK
703;82;2014-06-07 19:51:02;8003;1402170662;AMS;FRA;UNK;UNK
703;82;2014-06-07 19:56:35;8003;1402170995;AMS;FRA;UNK;UNK
703;84;2014-06-07 20:02:05;8003;1402171325;AMS;FRA;UNK;UNK
703;82;2014-06-07 20:12:50;8003;1402171970;AMS;FRA;UNK;UNK
703;82;2014-06-07 20:18:17;8003;1402172297;AMS;FRA;UNK;UNK
703;84;2014-06-07 20:23:51;8003;1402172631;AMS;FRA;UNK;UNK
703;82;2014-06-07 20:29:15;8003;1402172955;AMS;FRA;UNK;UNK
703;82;2014-06-07 20:34:37;8003;1402173277;AMS;FRA;UNK;UNK
703;82;2014-06-07 20:45:28;8003;1402173928;AMS;FRA;UNK;UNK
703;86;2014-06-07 20:50:55;8003;1402174255;AMS;FRA;UNK;UNK
703;82;2014-06-07 20:56:23;8003;1402174583;AMS;FRA;UNK;UNK
703;84;2014-06-07 21:01:48;8003;1402174908;AMS;FRA;UNK;UNK
703;82;2014-06-07 21:07:09;8003;1402175229;AMS;FRA;UNK;UNK
703;82;2014-06-07 21:12:31;8003;1402175551;AMS;FRA;UNK;UNK
703;82;2014-06-07 21:17:53;8003;1402175873;AMS;FRA;UNK;UNK
703;82;2014-06-07 21:28:48;8003;1402176528;AMS;FRA;Luchthaven Schiphol;NL
703;0;2014-06-07 21:34:28;8003;1402176868;AMS;FRA;Luchthaven Schiphol;NL
703;0;2014-06-07 21:34:56;8003;1402176896;AMS;FRA;Luchthaven Schiphol;NL
703;8;2014-06-07 21:35:36;8003;1402176936;AMS;FRA;Luchthaven Schiphol;NL
703;0;2014-06-07 21:53:42;8003;1402178022;AMS;FRA;Luchthaven Schiphol;NL
703;0;2014-06-07 21:53:54;8003;1402178034;AMS;FRA;Luchthaven Schiphol;NL
703;0;2014-06-07 22:00:35;8003;1402178435;AMS;FRA;Luchthaven Schiphol;NL
703;10;2014-06-07 22:01:57;8003;1402178517;AMS;FRA;Luchthaven Schiphol;NL
703;0;2014-06-07 22:02:59;8003;1402178579;AMS;FRA;Luchthaven Schiphol;NL
703;0;2014-06-07 22:05:56;8003;1402178756;AMS;FRA;Luchthaven Schiphol;NL
703;0;2014-06-07 22:15:26;8003;1402179326;AMS;FRA;Luchthaven Schiphol;NL
703;2;2014-06-07 22:15:56;8003;1402179356;AMS;FRA;Luchthaven Schiphol;NL
703;0;2014-06-07 22:21:35;8003;1402179695;AMS;FRA;Luchthaven Schiphol;NL
703;2;2014-06-07 22:23:49;8003;1402179829;AMS;FRA;Luchthaven Schiphol;NL
703;0;2014-06-07 22:23:53;8003;1402179833;AMS;FRA;Luchthaven Schiphol;NL
703;0;2014-06-07 22:27:56;8003;1402180076;AMS;FRA;Luchthaven Schiphol;NL
703;4;2014-06-07 22:33:40;8003;1402180420;AMS;FRA;Luchthaven Schiphol;NL
703;0;2014-06-07 22:33:57;8003;1402180437;AMS;FRA;Luchthaven Schiphol;NL
703;0;2014-06-07 22:36:32;8003;1402180592;AMS;FRA;Luchthaven Schiphol;NL
703;0;2014-06-07 22:36:32;8003;1402180592;AMS;FRA;Luchthaven Schiphol;NL
703;0;2014-06-07 22:36:43;8003;1402180603;AMS;FRA;Luchthaven Schiphol;NL
703;0;2014-06-07 22:36:44;8003;1402180604;AMS;FRA;Luchthaven Schiphol;NL
703;0;2014-06-07 22:36:45;8003;1402180605;AMS;FRA;Luchthaven Schiphol;NL
703;0;2014-06-07 22:36:52;8003;1402180612;AMS;FRA;Luchthaven Schiphol;NL
703;0;2014-06-07 22:38:53;8003;1402180733;AMS;FRA;Luchthaven Schiphol;NL
703;0;2014-06-07 22:40:34;8003;1402180834;AMS;FRA;Luchthaven Schiphol;NL
703;0;2014-06-07 22:41:06;8003;1402180866;AMS;FRA;Luchthaven Schiphol;NL
703;0;2014-06-07 22:41:07;8003;1402180867;AMS;FRA;Luchthaven Schiphol;NL
703;0;2014-06-07 22:41:07;8003;1402180867;AMS;FRA;Luchthaven Schiphol;NL
704;0;2014-06-05 00:22:58;8004;1401927778;AMS;FRA;Frankfort aan de Main;DE
704;0;2014-06-05 00:22:58;8004;1401927778;AMS;FRA;Frankfort aan de Main;DE
704;0;2014-06-05 00:22:58;8004;1401927778;AMS;FRA;Frankfort aan de Main;DE
704;0;2014-06-05 00:24:54;8004;1401927894;AMS;FRA;Frankfort aan de Main;DE
704;0;2014-06-05 00:26:31;8004;1401927991;AMS;FRA;Frankfort aan de Main;DE
704;0;2014-06-05 00:30:58;8004;1401928258;AMS;FRA;Frankfort aan de Main;DE
704;8;2014-06-05 00:31:32;8004;1401928292;AMS;FRA;Frankfort aan de Main;DE
704;0;2014-06-05 00:34:17;8004;1401928457;AMS;FRA;Frankfort aan de Main;DE
704;0;2014-06-05 00:35:38;8004;1401928538;AMS;FRA;Frankfort aan de Main;DE
704;0;2014-06-05 00:37:02;8004;1401928622;AMS;FRA;Frankfort aan de Main;DE
704;0;2014-06-05 00:39:31;8004;1401928771;AMS;FRA;Frankfort aan de Main;DE
704;0;2014-06-05 00:42:42;8004;1401928962;AMS;FRA;Frankfort aan de Main;DE
704;0;2014-06-05 00:43:09;8004;1401928989;AMS;FRA;Frankfort aan de Main;DE
704;0;2014-06-05 00:43:49;8004;1401929029;AMS;FRA;Frankfort aan de Main;DE
704;0;2014-06-05 00:46:34;8004;1401929194;AMS;FRA;Frankfort aan de Main;DE
704;0;2014-06-05 01:00:32;8004;1401930032;AMS;FRA;Frankfort aan de Main;DE
704;0;2014-06-05 01:19:56;8004;1401931196;AMS;FRA;Frankfort aan de Main;DE
704;0;2014-06-05 01:29:40;8004;1401931780;AMS;FRA;Frankfort aan de Main;DE
704;0;2014-06-05 01:40:31;8004;1401932431;AMS;FRA;Frankfort aan de Main;DE
704;0;2014-06-05 01:40:32;8004;1401932432;AMS;FRA;Frankfort aan de Main;DE
704;0;2014-06-05 01:40:32;8004;1401932432;AMS;FRA;Frankfort aan de Main;DE
704;0;2014-06-05 01:41:31;8004;1401932491;AMS;FRA;Frankfort aan de Main;DE
704;0;2014-06-05 01:41:31;8004;1401932491;AMS;FRA;Frankfort aan de Main;DE
704;2;2014-06-05 01:42:32;8004;1401932552;AMS;FRA;Frankfort aan de Main;DE
704;0;2014-06-05 01:43:04;8004;1401932584;AMS;FRA;Frankfort aan de Main;DE
704;38;2014-06-05 01:48:07;8004;1401932887;AMS;FRA;Frankfort aan de Main;DE
704;86;2014-06-05 01:53:09;8004;1401933189;AMS;FRA;Frankfort aan de Main;DE
704;86;2014-06-05 01:54:57;8004;1401933297;AMS;FRA;UNK;UNK
704;86;2014-06-05 01:58:41;8004;1401933521;AMS;FRA;UNK;UNK
704;86;2014-06-05 01:59:00;8004;1401933540;AMS;FRA;UNK;UNK
704;86;2014-06-05 02:04:04;8004;1401933844;AMS;FRA;UNK;UNK
704;86;2014-06-05 02:09:07;8004;1401934147;AMS;FRA;UNK;UNK
704;86;2014-06-05 02:14:11;8004;1401934451;AMS;FRA;UNK;UNK
704;86;2014-06-05 02:14:11;8004;1401934451;AMS;FRA;UNK;UNK
704;86;2014-06-05 02:19:14;8004;1401934754;AMS;FRA;UNK;UNK
704;86;2014-06-05 02:24:18;8004;1401935058;AMS;FRA;UNK;UNK
704;86;2014-06-05 02:29:22;8004;1401935362;AMS;FRA;UNK;UNK
704;84;2014-06-05 02:34:26;8004;1401935666;AMS;FRA;UNK;UNK
704;86;2014-06-05 02:39:29;8004;1401935969;AMS;FRA;UNK;UNK
704;88;2014-06-05 02:42:26;8004;1401936146;AMS;FRA;UNK;UNK
704;86;2014-06-05 02:47:31;8004;1401936451;AMS;FRA;UNK;UNK
704;86;2014-06-05 02:52:35;8004;1401936755;AMS;FRA;UNK;UNK
704;84;2014-06-05 02:57:38;8004;1401937058;AMS;FRA;UNK;UNK
704;86;2014-06-05 03:02:42;8004;1401937362;AMS;FRA;UNK;UNK
704;86;2014-06-05 03:07:46;8004;1401937666;AMS;FRA;UNK;UNK
704;90;2014-06-05 03:12:50;8004;1401937970;AMS;FRA;UNK;UNK
704;80;2014-06-05 03:17:54;8004;1401938274;AMS;FRA;UNK;UNK
704;88;2014-06-05 03:22:58;8004;1401938578;AMS;FRA;UNK;UNK
704;88;2014-06-05 03:28:02;8004;1401938882;AMS;FRA;UNK;UNK
704;86;2014-06-05 03:33:05;8004;1401939185;AMS;FRA;UNK;UNK
704;85;2014-06-05 03:37:19;8004;1401939439;AMS;FRA;UNK;UNK
704;86;2014-06-05 03:38:10;8004;1401939490;AMS;FRA;UNK;UNK
704;86;2014-06-05 03:43:18;8004;1401939798;AMS;FRA;UNK;UNK
704;86;2014-06-05 03:48:25;8004;1401940105;AMS;FRA;UNK;UNK
704;88;2014-06-05 03:53:29;8004;1401940409;AMS;FRA;UNK;UNK
704;86;2014-06-05 03:54:35;8004;1401940475;AMS;FRA;UNK;UNK
704;86;2014-06-05 03:55:31;8004;1401940531;AMS;FRA;UNK;UNK
704;86;2014-06-05 04:00:36;8004;1401940836;AMS;FRA;UNK;UNK
704;86;2014-06-05 04:05:40;8004;1401941140;AMS;FRA;UNK;UNK
704;86;2014-06-05 04:10:43;8004;1401941443;AMS;FRA;UNK;UNK
704;0;2014-06-05 04:15:46;8004;1401941746;AMS;FRA;UNK;UNK
704;0;2014-06-05 04:16:15;8004;1401941775;AMS;FRA;Dusseldorp;DE
704;0;2014-06-05 04:16:15;8004;1401941775;AMS;FRA;Dusseldorp;DE
704;0;2014-06-05 04:16:15;8004;1401941775;AMS;FRA;Dusseldorp;DE
704;0;2014-06-05 04:16:36;8004;1401941796;AMS;FRA;Dusseldorp;DE
704;0;2014-06-05 04:18:32;8004;1401941912;AMS;FRA;Dusseldorp;DE
704;0;2014-06-05 04:24:25;8004;1401942265;AMS;FRA;Dusseldorp;DE
704;0;2014-06-05 04:39:41;8004;1401943181;AMS;FRA;Dusseldorp;DE
704;0;2014-06-05 04:54:58;8004;1401944098;AMS;FRA;Dusseldorp;DE
704;0;2014-06-05 05:09:55;8004;1401944995;AMS;FRA;Dusseldorp;DE
704;0;2014-06-05 05:10:12;8004;1401945012;AMS;FRA;Dusseldorp;DE
704;0;2014-06-05 05:10:12;8004;1401945012;AMS;FRA;Dusseldorp;DE
704;0;2014-06-05 05:10:12;8004;1401945012;AMS;FRA;Dusseldorp;DE
704;0;2014-06-05 05:10:16;8004;1401945016;AMS;FRA;Dusseldorp;DE
704;0;2014-06-05 05:10:16;8004;1401945016;AMS;FRA;Dusseldorp;DE
704;2;2014-06-05 05:10:50;8004;1401945050;AMS;FRA;Dusseldorp;DE
704;2;2014-06-05 05:10:50;8004;1401945050;AMS;FRA;Dusseldorp;DE
704;18;2014-06-05 05:11:31;8004;1401945091;AMS;FRA;UNK;UNK
704;86;2014-06-05 05:16:37;8004;1401945397;AMS;FRA;UNK;UNK
704;86;2014-06-05 05:21:43;8004;1401945703;AMS;FRA;UNK;UNK
704;84;2014-06-05 05:26:51;8004;1401946011;AMS;FRA;UNK;UNK
704;86;2014-06-05 05:31:58;8004;1401946318;AMS;FRA;UNK;UNK
704;86;2014-06-05 05:37:04;8004;1401946624;AMS;FRA;UNK;UNK
704;90;2014-06-05 05:42:12;8004;1401946932;AMS;FRA;UNK;UNK
704;90;2014-06-05 05:45:12;8004;1401947112;AMS;FRA;UNK;UNK
704;86;2014-06-05 05:50:19;8004;1401947419;AMS;FRA;UNK;UNK
704;86;2014-06-05 05:55:25;8004;1401947725;AMS;FRA;UNK;UNK
704;86;2014-06-05 05:55:25;8004;1401947725;AMS;FRA;UNK;UNK
704;86;2014-06-05 06:00:32;8004;1401948032;AMS;FRA;UNK;UNK
704;84;2014-06-05 06:05:38;8004;1401948338;AMS;FRA;UNK;UNK
704;90;2014-06-05 06:10:44;8004;1401948644;AMS;FRA;UNK;UNK
704;90;2014-06-05 06:14:37;8004;1401948877;AMS;FRA;UNK;UNK
704;90;2014-06-05 06:19:44;8004;1401949184;AMS;FRA;UNK;UNK
704;86;2014-06-05 06:29:58;8004;1401949798;AMS;FRA;UNK;UNK
704;86;2014-06-05 06:33:32;8004;1401950012;AMS;FRA;UNK;UNK
704;86;2014-06-05 06:38:38;8004;1401950318;AMS;FRA;UNK;UNK
704;86;2014-06-05 06:43:44;8004;1401950624;AMS;FRA;UNK;UNK
704;86;2014-06-05 06:48:48;8004;1401950928;AMS;FRA;UNK;UNK
704;86;2014-06-05 06:53:52;8004;1401951232;AMS;FRA;UNK;UNK
704;86;2014-06-05 06:58:56;8004;1401951536;AMS;FRA;UNK;UNK
704;86;2014-06-05 07:04:00;8004;1401951840;AMS;FRA;UNK;UNK
704;86;2014-06-05 07:09:05;8004;1401952145;AMS;FRA;UNK;UNK
704;86;2014-06-05 07:14:09;8004;1401952449;AMS;FRA;UNK;UNK
704;86;2014-06-05 07:19:14;8004;1401952754;AMS;FRA;UNK;UNK
704;86;2014-06-05 07:24:19;8004;1401953059;AMS;FRA;UNK;UNK
704;86;2014-06-05 07:29:25;8004;1401953365;AMS;FRA;UNK;UNK
704;86;2014-06-05 07:34:28;8004;1401953668;AMS;FRA;UNK;UNK
704;86;2014-06-05 07:39:32;8004;1401953972;AMS;FRA;UNK;UNK
704;86;2014-06-05 07:44:36;8004;1401954276;AMS;FRA;UNK;UNK
704;86;2014-06-05 07:49:41;8004;1401954581;AMS;FRA;Luchthaven Schiphol;NL
704;46;2014-06-05 07:50:54;8004;1401954654;AMS;FRA;Luchthaven Schiphol;NL
704;36;2014-06-05 07:55:57;8004;1401954957;AMS;FRA;Luchthaven Schiphol;NL
704;0;2014-06-05 08:00:17;8004;1401955217;AMS;FRA;Luchthaven Schiphol;NL
704;0;2014-06-05 08:00:17;8004;1401955217;AMS;FRA;Luchthaven Schiphol;NL
704;0;2014-06-05 08:00:17;8004;1401955217;AMS;FRA;Luchthaven Schiphol;NL
704;0;2014-06-05 08:02:30;8004;1401955350;AMS;FRA;Luchthaven Schiphol;NL
704;0;2014-06-05 08:17:38;8004;1401956258;AMS;FRA;Luchthaven Schiphol;NL
704;0;2014-06-05 08:20:42;8004;1401956442;AMS;FRA;Luchthaven Schiphol;NL
704;0;2014-06-05 08:22:15;8004;1401956535;AMS;FRA;Luchthaven Schiphol;NL
704;0;2014-06-05 08:22:15;8004;1401956535;AMS;FRA;Luchthaven Schiphol;NL
704;0;2014-06-05 08:22:38;8004;1401956558;AMS;FRA;Luchthaven Schiphol;NL
704;0;2014-06-05 08:22:39;8004;1401956559;AMS;FRA;Luchthaven Schiphol;NL
704;2;2014-06-05 08:23:43;8004;1401956623;AMS;FRA;Luchthaven Schiphol;NL
704;2;2014-06-05 08:23:43;8004;1401956623;AMS;FRA;Luchthaven Schiphol;NL
704;2;2014-06-05 08:23:53;8004;1401956633;AMS;FRA;Luchthaven Schiphol;NL
704;0;2014-06-05 08:28:21;8004;1401956901;AMS;FRA;Luchthaven Schiphol;NL
704;0;2014-06-05 08:28:21;8004;1401956901;AMS;FRA;Luchthaven Schiphol;NL
704;0;2014-06-05 08:28:38;8004;1401956918;AMS;FRA;Luchthaven Schiphol;NL
704;0;2014-06-05 08:28:38;8004;1401956918;AMS;FRA;Luchthaven Schiphol;NL
704;0;2014-06-05 08:28:38;8004;1401956918;AMS;FRA;Luchthaven Schiphol;NL
704;0;2014-06-05 08:28:46;8004;1401956926;AMS;FRA;Luchthaven Schiphol;NL
704;0;2014-06-05 08:30:23;8004;1401957023;AMS;FRA;Luchthaven Schiphol;NL
704;0;2014-06-05 08:30:26;8004;1401957026;AMS;FRA;Luchthaven Schiphol;NL
704;0;2014-06-05 08:30:31;8004;1401957031;AMS;FRA;Luchthaven Schiphol;NL
704;0;2014-06-05 08:43:31;8004;1401957811;AMS;FRA;Luchthaven Schiphol;NL
704;0;2014-06-05 08:52:21;8004;1401958341;AMS;FRA;Luchthaven Schiphol;NL
704;0;2014-06-05 08:54:19;8004;1401958459;AMS;FRA;Luchthaven Schiphol;NL
704;0;2014-06-05 08:54:25;8004;1401958465;AMS;FRA;Luchthaven Schiphol;NL
704;0;2014-06-05 08:54:27;8004;1401958467;AMS;FRA;Luchthaven Schiphol;NL
704;4;2014-06-05 08:55:10;8004;1401958510;AMS;FRA;Luchthaven Schiphol;NL
704;6;2014-06-05 08:55:31;8004;1401958531;AMS;FRA;Luchthaven Schiphol;NL
704;0;2014-06-05 08:56:00;8004;1401958560;AMS;FRA;Luchthaven Schiphol;NL
704;0;2014-06-05 08:58:31;8004;1401958711;AMS;FRA;Luchthaven Schiphol;NL
704;0;2014-06-05 09:13:32;8004;1401959612;AMS;FRA;Luchthaven Schiphol;NL
704;0;2014-06-05 09:28:33;8004;1401960513;AMS;FRA;Luchthaven Schiphol;NL
704;0;2014-06-05 09:30:54;8004;1401960654;AMS;FRA;Luchthaven Schiphol;NL
704;2;2014-06-05 09:31:36;8004;1401960696;AMS;FRA;Luchthaven Schiphol;NL
704;2;2014-06-05 09:31:54;8004;1401960714;AMS;FRA;Luchthaven Schiphol;NL
704;0;2014-06-05 09:43:54;8004;1401961434;AMS;FRA;Luchthaven Schiphol;NL
704;6;2014-06-05 09:57:18;8004;1401962238;AMS;FRA;Luchthaven Schiphol;NL
704;10;2014-06-05 09:57:31;8004;1401962251;AMS;FRA;Luchthaven Schiphol;NL
704;10;2014-06-05 09:57:31;8004;1401962251;AMS;FRA;Luchthaven Schiphol;NL
704;0;2014-06-05 09:57:48;8004;1401962268;AMS;FRA;Luchthaven Schiphol;NL
704;0;2014-06-05 10:00:30;8004;1401962430;AMS;FRA;Luchthaven Schiphol;NL
704;0;2014-06-05 10:12:17;8004;1401963137;AMS;FRA;Luchthaven Schiphol;NL
704;14;2014-06-05 10:13:31;8004;1401963211;AMS;FRA;Luchthaven Schiphol;NL
704;0;2014-06-05 10:16:00;8004;1401963360;AMS;FRA;Luchthaven Schiphol;NL
704;0;2014-06-05 10:18:31;8004;1401963511;AMS;FRA;Luchthaven Schiphol;NL
704;0;2014-06-05 10:31:36;8004;1401964296;AMS;FRA;Luchthaven Schiphol;NL
704;0;2014-06-05 10:31:41;8004;1401964301;AMS;FRA;Luchthaven Schiphol;NL
704;0;2014-06-05 10:53:10;8004;1401965590;AMS;FRA;Luchthaven Schiphol;NL
704;6;2014-06-05 10:53:31;8004;1401965611;AMS;FRA;Luchthaven Schiphol;NL
704;6;2014-06-05 10:53:31;8004;1401965611;AMS;FRA;Luchthaven Schiphol;NL
704;0;2014-06-05 10:56:28;8004;1401965788;AMS;FRA;Luchthaven Schiphol;NL
704;0;2014-06-05 10:56:30;8004;1401965790;AMS;FRA;Luchthaven Schiphol;NL
704;0;2014-06-05 10:58:31;8004;1401965911;AMS;FRA;Luchthaven Schiphol;NL
704;0;2014-06-05 11:05:11;8004;1401966311;AMS;FRA;Luchthaven Schiphol;NL
704;0;2014-06-05 11:05:11;8004;1401966311;AMS;FRA;Luchthaven Schiphol;NL
705;0;2014-06-05 06:39:52;8005;1401950392;AMS;FRA;Frankfort aan de Main;DE
705;0;2014-06-05 06:39:52;8005;1401950392;AMS;FRA;Frankfort aan de Main;DE
705;0;2014-06-05 06:39:52;8005;1401950392;AMS;FRA;Frankfort aan de Main;DE
705;0;2014-06-05 06:43:54;8005;1401950634;AMS;FRA;Frankfort aan de Main;DE
705;0;2014-06-05 06:46:48;8005;1401950808;AMS;FRA;Frankfort aan de Main;DE
705;0;2014-06-05 06:46:50;8005;1401950810;AMS;FRA;Frankfort aan de Main;DE
705;0;2014-06-05 06:46:58;8005;1401950818;AMS;FRA;Frankfort aan de Main;DE
705;0;2014-06-05 06:48:57;8005;1401950937;AMS;FRA;Frankfort aan de Main;DE
705;0;2014-06-05 06:50:41;8005;1401951041;AMS;FRA;Frankfort aan de Main;DE
705;4;2014-06-05 06:57:11;8005;1401951431;AMS;FRA;Frankfort aan de Main;DE
705;0;2014-06-05 06:57:22;8005;1401951442;AMS;FRA;Frankfort aan de Main;DE
705;0;2014-06-05 06:59:58;8005;1401951598;AMS;FRA;Frankfort aan de Main;DE
705;0;2014-06-05 07:02:56;8005;1401951776;AMS;FRA;Frankfort aan de Main;DE
705;0;2014-06-05 07:04:33;8005;1401951873;AMS;FRA;Frankfort aan de Main;DE
705;0;2014-06-05 07:06:57;8005;1401952017;AMS;FRA;Frankfort aan de Main;DE
705;0;2014-06-05 07:14:31;8005;1401952471;AMS;FRA;Frankfort aan de Main;DE
705;0;2014-06-05 07:14:35;8005;1401952475;AMS;FRA;Frankfort aan de Main;DE
705;0;2014-06-05 07:14:37;8005;1401952477;AMS;FRA;Frankfort aan de Main;DE
705;0;2014-06-05 07:15:57;8005;1401952557;AMS;FRA;Frankfort aan de Main;DE
705;0;2014-06-05 07:15:57;8005;1401952557;AMS;FRA;Frankfort aan de Main;DE
705;0;2014-06-05 07:15:57;8005;1401952557;AMS;FRA;Frankfort aan de Main;DE
705;0;2014-06-05 07:16:06;8005;1401952566;AMS;FRA;Frankfort aan de Main;DE
705;0;2014-06-05 07:16:06;8005;1401952566;AMS;FRA;Frankfort aan de Main;DE
705;12;2014-06-05 07:16:58;8005;1401952618;AMS;FRA;Frankfort aan de Main;DE
705;76;2014-06-05 07:22:26;8005;1401952946;AMS;FRA;Frankfort aan de Main;DE
705;80;2014-06-05 07:23:22;8005;1401953002;AMS;FRA;UNK;UNK
705;90;2014-06-05 07:26:54;8005;1401953214;AMS;FRA;UNK;UNK
705;88;2014-06-05 07:29:55;8005;1401953395;AMS;FRA;UNK;UNK
705;88;2014-06-05 07:35:16;8005;1401953716;AMS;FRA;UNK;UNK
705;88;2014-06-05 07:40:38;8005;1401954038;AMS;FRA;UNK;UNK
705;90;2014-06-05 07:44:06;8005;1401954246;AMS;FRA;UNK;UNK
705;88;2014-06-05 07:47:06;8005;1401954426;AMS;FRA;UNK;UNK
705;88;2014-06-05 07:52:22;8005;1401954742;AMS;FRA;UNK;UNK
705;92;2014-06-05 07:53:49;8005;1401954829;AMS;FRA;UNK;UNK
705;86;2014-06-05 07:56:50;8005;1401955010;AMS;FRA;UNK;UNK
705;88;2014-06-05 08:02:09;8005;1401955329;AMS;FRA;UNK;UNK
705;90;2014-06-05 08:04:19;8005;1401955459;AMS;FRA;UNK;UNK
705;86;2014-06-05 08:06:58;8005;1401955618;AMS;FRA;UNK;UNK
705;88;2014-06-05 08:11:56;8005;1401955916;AMS;FRA;UNK;UNK
705;90;2014-06-05 08:17:18;8005;1401956238;AMS;FRA;UNK;UNK
705;88;2014-06-05 08:22:42;8005;1401956562;AMS;FRA;UNK;UNK
705;88;2014-06-05 08:28:07;8005;1401956887;AMS;FRA;UNK;UNK
705;88;2014-06-05 08:33:25;8005;1401957205;AMS;FRA;UNK;UNK
705;90;2014-06-05 08:34:43;8005;1401957283;AMS;FRA;UNK;UNK
705;88;2014-06-05 08:35:55;8005;1401957355;AMS;FRA;UNK;UNK
705;88;2014-06-05 08:35:56;8005;1401957356;AMS;FRA;UNK;UNK
705;88;2014-06-05 08:37:43;8005;1401957463;AMS;FRA;UNK;UNK
705;88;2014-06-05 08:43:08;8005;1401957788;AMS;FRA;UNK;UNK
705;88;2014-06-05 08:43:08;8005;1401957788;AMS;FRA;UNK;UNK
705;70;2014-06-05 08:48:39;8005;1401958119;AMS;FRA;UNK;UNK
705;90;2014-06-05 08:51:59;8005;1401958319;AMS;FRA;UNK;UNK
705;88;2014-06-05 08:54:59;8005;1401958499;AMS;FRA;UNK;UNK
705;88;2014-06-05 09:00:24;8005;1401958824;AMS;FRA;UNK;UNK
705;88;2014-06-05 09:05:48;8005;1401959148;AMS;FRA;UNK;UNK
705;88;2014-06-05 09:05:49;8005;1401959149;AMS;FRA;UNK;UNK
705;88;2014-06-05 09:11:13;8005;1401959473;AMS;FRA;UNK;UNK
705;88;2014-06-05 09:16:33;8005;1401959793;AMS;FRA;UNK;UNK
705;88;2014-06-05 09:21:59;8005;1401960119;AMS;FRA;UNK;UNK
705;88;2014-06-05 09:27:20;8005;1401960440;AMS;FRA;UNK;UNK
705;88;2014-06-05 09:32:45;8005;1401960765;AMS;FRA;UNK;UNK
705;88;2014-06-05 09:38:11;8005;1401961091;AMS;FRA;UNK;UNK
705;88;2014-06-05 09:43:34;8005;1401961414;AMS;FRA;UNK;UNK
705;88;2014-06-05 09:48:50;8005;1401961730;AMS;FRA;UNK;UNK
705;90;2014-06-05 09:54:08;8005;1401962048;AMS;FRA;UNK;UNK
705;88;2014-06-05 09:59:30;8005;1401962370;AMS;FRA;UNK;UNK
705;88;2014-06-05 10:04:55;8005;1401962695;AMS;FRA;UNK;UNK
705;88;2014-06-05 10:10:23;8005;1401963023;AMS;FRA;UNK;UNK
705;88;2014-06-05 10:15:48;8005;1401963348;AMS;FRA;UNK;UNK
705;88;2014-06-05 10:17:36;8005;1401963456;AMS;FRA;UNK;UNK
705;88;2014-06-05 10:21:47;8005;1401963707;AMS;FRA;UNK;UNK
705;88;2014-06-05 10:22:55;8005;1401963775;AMS;FRA;UNK;UNK
705;88;2014-06-05 10:23:40;8005;1401963820;AMS;FRA;UNK;UNK
705;88;2014-06-05 10:24:05;8005;1401963845;AMS;FRA;UNK;UNK
705;88;2014-06-05 10:24:26;8005;1401963866;AMS;FRA;UNK;UNK
705;88;2014-06-05 10:29:43;8005;1401964183;AMS;FRA;UNK;UNK
705;88;2014-06-05 10:29:46;8005;1401964186;AMS;FRA;UNK;UNK
705;88;2014-06-05 10:29:46;8005;1401964186;AMS;FRA;UNK;UNK
705;88;2014-06-05 10:35:04;8005;1401964504;AMS;FRA;UNK;UNK
705;80;2014-06-05 10:40:19;8005;1401964819;AMS;FRA;UNK;UNK
705;88;2014-06-05 10:49:16;8005;1401965356;AMS;FRA;UNK;UNK
705;0;2014-06-05 11:03:33;8005;1401966213;AMS;FRA;UNK;UNK
705;0;2014-06-05 11:03:55;8005;1401966235;AMS;FRA;UNK;UNK
705;0;2014-06-05 11:03:56;8005;1401966236;AMS;FRA;Beek;NL
705;0;2014-06-05 11:03:56;8005;1401966236;AMS;FRA;Beek;NL
705;0;2014-06-05 11:10:20;8005;1401966620;AMS;FRA;Beek;NL
705;0;2014-06-05 11:17:57;8005;1401967077;AMS;FRA;Beek;NL
705;0;2014-06-05 11:23:50;8005;1401967430;AMS;FRA;Beek;NL
705;0;2014-06-05 11:23:55;8005;1401967435;AMS;FRA;Beek;NL
705;0;2014-06-05 11:32:18;8005;1401967938;AMS;FRA;Beek;NL
705;0;2014-06-05 11:32:21;8005;1401967941;AMS;FRA;Beek;NL
705;0;2014-06-05 11:33:59;8005;1401968039;AMS;FRA;Beek;NL
705;0;2014-06-05 11:38:45;8005;1401968325;AMS;FRA;Beek;NL
705;0;2014-06-05 11:48:14;8005;1401968894;AMS;FRA;Beek;NL
705;0;2014-06-05 11:48:14;8005;1401968894;AMS;FRA;Beek;NL
705;0;2014-06-05 11:48:30;8005;1401968910;AMS;FRA;Beek;NL
705;0;2014-06-05 11:48:30;8005;1401968910;AMS;FRA;Beek;NL
705;30;2014-06-05 11:48:56;8005;1401968936;AMS;FRA;UNK;UNK
705;84;2014-06-05 11:54:20;8005;1401969260;AMS;FRA;UNK;UNK
705;84;2014-06-05 11:59:40;8005;1401969580;AMS;FRA;UNK;UNK
705;84;2014-06-05 12:00:42;8005;1401969642;AMS;FRA;UNK;UNK
705;84;2014-06-05 12:11:40;8005;1401970300;AMS;FRA;UNK;UNK
705;84;2014-06-05 12:16:58;8005;1401970618;AMS;FRA;UNK;UNK
705;84;2014-06-05 12:22:23;8005;1401970943;AMS;FRA;UNK;UNK
705;84;2014-06-05 12:27:44;8005;1401971264;AMS;FRA;UNK;UNK
705;84;2014-06-05 12:33:06;8005;1401971586;AMS;FRA;UNK;UNK
705;84;2014-06-05 12:38:32;8005;1401971912;AMS;FRA;UNK;UNK
705;84;2014-06-05 12:43:57;8005;1401972237;AMS;FRA;UNK;UNK
705;83;2014-06-05 12:46:03;8005;1401972363;AMS;FRA;UNK;UNK
705;84;2014-06-05 12:49:42;8005;1401972582;AMS;FRA;UNK;UNK
705;84;2014-06-05 12:55:10;8005;1401972910;AMS;FRA;UNK;UNK
705;84;2014-06-05 13:00:39;8005;1401973239;AMS;FRA;UNK;UNK
705;80;2014-06-05 13:06:01;8005;1401973561;AMS;FRA;UNK;UNK
705;84;2014-06-05 13:11:24;8005;1401973884;AMS;FRA;UNK;UNK
705;48;2014-06-05 13:22:22;8005;1401974542;AMS;FRA;Luchthaven Schiphol;NL
705;0;2014-06-05 13:27:56;8005;1401974876;AMS;FRA;Luchthaven Schiphol;NL
705;0;2014-06-05 13:28:54;8005;1401974934;AMS;FRA;Luchthaven Schiphol;NL
705;0;2014-06-05 13:28:54;8005;1401974934;AMS;FRA;Luchthaven Schiphol;NL
705;0;2014-06-05 13:28:54;8005;1401974934;AMS;FRA;Luchthaven Schiphol;NL
705;0;2014-06-05 13:31:56;8005;1401975116;AMS;FRA;Luchthaven Schiphol;NL
705;0;2014-06-05 13:39:58;8005;1401975598;AMS;FRA;Luchthaven Schiphol;NL
705;0;2014-06-05 13:40:41;8005;1401975641;AMS;FRA;Luchthaven Schiphol;NL
705;0;2014-06-05 13:44:27;8005;1401975867;AMS;FRA;Luchthaven Schiphol;NL
705;0;2014-06-05 13:46:57;8005;1401976017;AMS;FRA;Luchthaven Schiphol;NL
705;0;2014-06-05 13:59:20;8005;1401976760;AMS;FRA;Luchthaven Schiphol;NL
705;0;2014-06-05 13:59:26;8005;1401976766;AMS;FRA;Luchthaven Schiphol;NL
705;0;2014-06-05 13:59:26;8005;1401976766;AMS;FRA;Luchthaven Schiphol;NL
705;0;2014-06-05 13:59:27;8005;1401976767;AMS;FRA;Luchthaven Schiphol;NL
705;0;2014-06-05 13:59:32;8005;1401976772;AMS;FRA;Luchthaven Schiphol;NL
705;0;2014-06-05 14:01:04;8005;1401976864;AMS;FRA;Luchthaven Schiphol;NL
705;0;2014-06-05 14:01:56;8005;1401976916;AMS;FRA;Luchthaven Schiphol;NL
705;0;2014-06-05 14:03:29;8005;1401977009;AMS;FRA;Luchthaven Schiphol;NL
705;0;2014-06-05 14:04:10;8005;1401977050;AMS;FRA;Luchthaven Schiphol;NL
705;0;2014-06-05 14:04:11;8005;1401977051;AMS;FRA;Luchthaven Schiphol;NL
705;0;2014-06-05 14:04:11;8005;1401977051;AMS;FRA;Luchthaven Schiphol;NL
706;0;2014-06-05 06:18:37;8006;1401949117;AMS;FRA;Frankfort aan de Main;DE
706;0;2014-06-05 06:18:37;8006;1401949117;AMS;FRA;Frankfort aan de Main;DE
706;0;2014-06-05 06:20:25;8006;1401949225;AMS;FRA;Frankfort aan de Main;DE
706;0;2014-06-05 06:22:59;8006;1401949379;AMS;FRA;Frankfort aan de Main;DE
706;0;2014-06-05 06:22:59;8006;1401949379;AMS;FRA;Frankfort aan de Main;DE
706;0;2014-06-05 06:37:27;8006;1401950247;AMS;FRA;Frankfort aan de Main;DE
706;0;2014-06-05 06:39:26;8006;1401950366;AMS;FRA;Frankfort aan de Main;DE
706;6;2014-06-05 06:40:00;8006;1401950400;AMS;FRA;Frankfort aan de Main;DE
706;0;2014-06-05 06:40:35;8006;1401950435;AMS;FRA;Frankfort aan de Main;DE
706;0;2014-06-05 06:43:25;8006;1401950605;AMS;FRA;Frankfort aan de Main;DE
706;0;2014-06-05 07:13:26;8006;1401952406;AMS;FRA;Frankfort aan de Main;DE
706;0;2014-06-05 07:13:56;8006;1401952436;AMS;FRA;Frankfort aan de Main;DE
706;0;2014-06-05 07:13:57;8006;1401952437;AMS;FRA;Frankfort aan de Main;DE
706;0;2014-06-05 07:13:57;8006;1401952437;AMS;FRA;Frankfort aan de Main;DE
706;0;2014-06-05 07:14:00;8006;1401952440;AMS;FRA;Frankfort aan de Main;DE
706;0;2014-06-05 07:14:01;8006;1401952441;AMS;FRA;Frankfort aan de Main;DE
706;0;2014-06-05 07:14:01;8006;1401952441;AMS;FRA;Frankfort aan de Main;DE
706;0;2014-06-05 07:14:14;8006;1401952454;AMS;FRA;Frankfort aan de Main;DE
706;0;2014-06-05 07:14:15;8006;1401952455;AMS;FRA;Frankfort aan de Main;DE
706;0;2014-06-05 07:14:15;8006;1401952455;AMS;FRA;Frankfort aan de Main;DE
706;0;2014-06-05 07:14:22;8006;1401952462;AMS;FRA;Frankfort aan de Main;DE
706;0;2014-06-05 07:14:39;8006;1401952479;AMS;FRA;Frankfort aan de Main;DE
706;0;2014-06-05 07:14:39;8006;1401952479;AMS;FRA;Frankfort aan de Main;DE
706;24;2014-06-05 07:15:29;8006;1401952529;AMS;FRA;Frankfort aan de Main;DE
706;24;2014-06-05 07:16:57;8006;1401952617;AMS;FRA;Frankfort aan de Main;DE
706;84;2014-06-05 07:22:38;8006;1401952958;AMS;FRA;Frankfort aan de Main;DE
706;84;2014-06-05 07:22:38;8006;1401952958;AMS;FRA;Frankfort aan de Main;DE
706;82;2014-06-05 07:28:12;8006;1401953292;AMS;FRA;UNK;UNK
706;74;2014-06-05 07:33:48;8006;1401953628;AMS;FRA;UNK;UNK
706;84;2014-06-05 07:39:24;8006;1401953964;AMS;FRA;UNK;UNK
706;84;2014-06-05 07:44:53;8006;1401954293;AMS;FRA;UNK;UNK
706;84;2014-06-05 07:50:21;8006;1401954621;AMS;FRA;UNK;UNK
706;86;2014-06-05 07:55:49;8006;1401954949;AMS;FRA;UNK;UNK
706;86;2014-06-05 08:01:18;8006;1401955278;AMS;FRA;UNK;UNK
706;84;2014-06-05 08:06:52;8006;1401955612;AMS;FRA;UNK;UNK
706;86;2014-06-05 08:12:19;8006;1401955939;AMS;FRA;UNK;UNK
706;84;2014-06-05 08:12:54;8006;1401955974;AMS;FRA;UNK;UNK
706;88;2014-06-05 08:18:25;8006;1401956305;AMS;FRA;UNK;UNK
706;86;2014-06-05 08:24:01;8006;1401956641;AMS;FRA;UNK;UNK
706;86;2014-06-05 08:29:37;8006;1401956977;AMS;FRA;UNK;UNK
706;86;2014-06-05 08:34:58;8006;1401957298;AMS;FRA;UNK;UNK
706;84;2014-06-05 08:40:29;8006;1401957629;AMS;FRA;UNK;UNK
706;86;2014-06-05 08:42:28;8006;1401957748;AMS;FRA;UNK;UNK
706;86;2014-06-05 08:42:29;8006;1401957749;AMS;FRA;UNK;UNK
706;86;2014-06-05 08:48:31;8006;1401958111;AMS;FRA;UNK;UNK
706;88;2014-06-05 08:54:24;8006;1401958464;AMS;FRA;UNK;UNK
706;88;2014-06-05 09:03:44;8006;1401959024;AMS;FRA;UNK;UNK
706;86;2014-06-05 09:09:21;8006;1401959361;AMS;FRA;UNK;UNK
706;84;2014-06-05 09:14:55;8006;1401959695;AMS;FRA;UNK;UNK
706;84;2014-06-05 09:20:26;8006;1401960026;AMS;FRA;UNK;UNK
706;86;2014-06-05 09:26:07;8006;1401960367;AMS;FRA;UNK;UNK
706;86;2014-06-05 09:31:50;8006;1401960710;AMS;FRA;UNK;UNK
706;86;2014-06-05 09:43:07;8006;1401961387;AMS;FRA;UNK;UNK
706;86;2014-06-05 09:48:43;8006;1401961723;AMS;FRA;UNK;UNK
706;86;2014-06-05 09:48:43;8006;1401961723;AMS;FRA;UNK;UNK
706;86;2014-06-05 09:54:08;8006;1401962048;AMS;FRA;UNK;UNK
706;86;2014-06-05 09:59:37;8006;1401962377;AMS;FRA;UNK;UNK
706;86;2014-06-05 10:05:08;8006;1401962708;AMS;FRA;UNK;UNK
706;86;2014-06-05 10:10:54;8006;1401963054;AMS;FRA;UNK;UNK
706;84;2014-06-05 10:16:45;8006;1401963405;AMS;FRA;UNK;UNK
706;86;2014-06-05 10:22:26;8006;1401963746;AMS;FRA;UNK;UNK
706;86;2014-06-05 10:27:51;8006;1401964071;AMS;FRA;UNK;UNK
706;90;2014-06-05 10:33:15;8006;1401964395;AMS;FRA;UNK;UNK
706;86;2014-06-05 10:38:37;8006;1401964717;AMS;FRA;UNK;UNK
706;86;2014-06-05 10:38:37;8006;1401964717;AMS;FRA;UNK;UNK
706;90;2014-06-05 10:49:27;8006;1401965367;AMS;FRA;UNK;UNK
706;86;2014-06-05 10:54:56;8006;1401965696;AMS;FRA;UNK;UNK
706;70;2014-06-05 11:05:57;8006;1401966357;AMS;FRA;UNK;UNK
706;0;2014-06-05 11:06:48;8006;1401966408;AMS;FRA;Beek Gem Bergh;NL
706;0;2014-06-05 11:06:48;8006;1401966408;AMS;FRA;Beek Gem Bergh;NL
706;0;2014-06-05 11:06:48;8006;1401966408;AMS;FRA;Beek Gem Bergh;NL
706;0;2014-06-05 11:06:52;8006;1401966412;AMS;FRA;Beek Gem Bergh;NL
706;0;2014-06-05 11:06:57;8006;1401966417;AMS;FRA;Beek Gem Bergh;NL
706;0;2014-06-05 11:06:57;8006;1401966417;AMS;FRA;Beek Gem Bergh;NL
706;0;2014-06-05 11:08:47;8006;1401966527;AMS;FRA;Beek Gem Bergh;NL
706;0;2014-06-05 11:09:25;8006;1401966565;AMS;FRA;Beek Gem Bergh;NL
706;0;2014-06-05 11:17:02;8006;1401967022;AMS;FRA;Beek Gem Bergh;NL
706;0;2014-06-05 11:18:25;8006;1401967105;AMS;FRA;Beek Gem Bergh;NL
706;0;2014-06-05 11:18:25;8006;1401967105;AMS;FRA;Beek Gem Bergh;NL
706;0;2014-06-05 11:21:14;8006;1401967274;AMS;FRA;Beek Gem Bergh;NL
706;0;2014-06-05 11:33:37;8006;1401968017;AMS;FRA;Beek Gem Bergh;NL
706;0;2014-06-05 11:50:12;8006;1401969012;AMS;FRA;Beek Gem Bergh;NL
706;0;2014-06-05 11:54:28;8006;1401969268;AMS;FRA;Beek Gem Bergh;NL
706;0;2014-06-05 11:54:28;8006;1401969268;AMS;FRA;Beek Gem Bergh;NL
706;0;2014-06-05 11:54:51;8006;1401969291;AMS;FRA;Beek Gem Bergh;NL
706;0;2014-06-05 11:54:51;8006;1401969291;AMS;FRA;Beek Gem Bergh;NL
706;24;2014-06-05 11:55:27;8006;1401969327;AMS;FRA;UNK;UNK
706;82;2014-06-05 11:58:32;8006;1401969512;AMS;FRA;UNK;UNK
706;82;2014-06-05 12:09:42;8006;1401970182;AMS;FRA;UNK;UNK
706;82;2014-06-05 12:20:32;8006;1401970832;AMS;FRA;UNK;UNK
706;82;2014-06-05 12:26:04;8006;1401971164;AMS;FRA;UNK;UNK
706;82;2014-06-05 12:26:49;8006;1401971209;AMS;FRA;UNK;UNK
706;82;2014-06-05 12:27:02;8006;1401971222;AMS;FRA;UNK;UNK
706;82;2014-06-05 12:27:03;8006;1401971223;AMS;FRA;UNK;UNK
706;82;2014-06-05 12:27:04;8006;1401971224;AMS;FRA;UNK;UNK
706;82;2014-06-05 12:27:04;8006;1401971224;AMS;FRA;UNK;UNK
706;82;2014-06-05 12:27:11;8006;1401971231;AMS;FRA;UNK;UNK
706;82;2014-06-05 12:27:12;8006;1401971232;AMS;FRA;UNK;UNK
706;82;2014-06-05 12:27:28;8006;1401971248;AMS;FRA;UNK;UNK
706;82;2014-06-05 12:27:31;8006;1401971251;AMS;FRA;UNK;UNK
706;82;2014-06-05 12:29:38;8006;1401971378;AMS;FRA;UNK;UNK
706;82;2014-06-05 12:35:03;8006;1401971703;AMS;FRA;UNK;UNK
706;82;2014-06-05 12:40:26;8006;1401972026;AMS;FRA;UNK;UNK
706;82;2014-06-05 12:45:53;8006;1401972353;AMS;FRA;UNK;UNK
706;82;2014-06-05 12:51:20;8006;1401972680;AMS;FRA;UNK;UNK
706;82;2014-06-05 12:57:09;8006;1401973029;AMS;FRA;UNK;UNK
706;82;2014-06-05 13:02:48;8006;1401973368;AMS;FRA;UNK;UNK
706;82;2014-06-05 13:08:17;8006;1401973697;AMS;FRA;UNK;UNK
706;82;2014-06-05 13:13:44;8006;1401974024;AMS;FRA;UNK;UNK
706;82;2014-06-05 13:14:16;8006;1401974056;AMS;FRA;UNK;UNK
706;82;2014-06-05 13:19:54;8006;1401974394;AMS;FRA;UNK;UNK
706;46;2014-06-05 13:25:46;8006;1401974746;AMS;FRA;UNK;UNK
706;46;2014-06-05 13:31:38;8006;1401975098;AMS;FRA;UNK;UNK
706;0;2014-06-05 13:42:55;8006;1401975775;AMS;FRA;Luchthaven Schiphol;NL
706;0;2014-06-05 13:42:55;8006;1401975775;AMS;FRA;Luchthaven Schiphol;NL
706;0;2014-06-05 13:42:56;8006;1401975776;AMS;FRA;Luchthaven Schiphol;NL
706;0;2014-06-05 13:43:35;8006;1401975815;AMS;FRA;Luchthaven Schiphol;NL
706;0;2014-06-05 13:45:28;8006;1401975928;AMS;FRA;Luchthaven Schiphol;NL
706;2;2014-06-05 14:00:27;8006;1401976827;AMS;FRA;Luchthaven Schiphol;NL
706;0;2014-06-05 14:00:57;8006;1401976857;AMS;FRA;Luchthaven Schiphol;NL
706;0;2014-06-05 14:05:55;8006;1401977155;AMS;FRA;Luchthaven Schiphol;NL
706;0;2014-06-05 14:05:55;8006;1401977155;AMS;FRA;Luchthaven Schiphol;NL
706;0;2014-06-05 14:06:04;8006;1401977164;AMS;FRA;Luchthaven Schiphol;NL
706;0;2014-06-05 14:06:04;8006;1401977164;AMS;FRA;Luchthaven Schiphol;NL
706;0;2014-06-05 14:06:04;8006;1401977164;AMS;FRA;Luchthaven Schiphol;NL
706;0;2014-06-05 14:10:25;8006;1401977425;AMS;FRA;Luchthaven Schiphol;NL
706;0;2014-06-05 14:14:04;8006;1401977644;AMS;FRA;Luchthaven Schiphol;NL
706;0;2014-06-05 14:14:08;8006;1401977648;AMS;FRA;Luchthaven Schiphol;NL
706;0;2014-06-05 14:16:24;8006;1401977784;AMS;FRA;Luchthaven Schiphol;NL
706;0;2014-06-05 14:16:24;8006;1401977784;AMS;FRA;Luchthaven Schiphol;NL
706;0;2014-06-05 14:17:31;8006;1401977851;AMS;FRA;Luchthaven Schiphol;NL
706;0;2014-06-05 14:24:27;8006;1401978267;AMS;FRA;Luchthaven Schiphol;NL
706;0;2014-06-05 14:33:23;8006;1401978803;AMS;FRA;Luchthaven Schiphol;NL
706;0;2014-06-05 14:33:33;8006;1401978813;AMS;FRA;Luchthaven Schiphol;NL
706;0;2014-06-05 14:33:33;8006;1401978813;AMS;FRA;Luchthaven Schiphol;NL
706;0;2014-06-05 14:33:33;8006;1401978813;AMS;FRA;Luchthaven Schiphol;NL
707;0;2014-06-07 05:23:20;8007;1402118600;AMS;FRA;Frankfort aan de Main;DE
707;0;2014-06-07 05:23:20;8007;1402118600;AMS;FRA;Frankfort aan de Main;DE
707;0;2014-06-07 05:24:59;8007;1402118699;AMS;FRA;Frankfort aan de Main;DE
707;0;2014-06-07 05:25:46;8007;1402118746;AMS;FRA;Frankfort aan de Main;DE
707;0;2014-06-07 05:25:49;8007;1402118749;AMS;FRA;Frankfort aan de Main;DE
707;0;2014-06-07 05:25:53;8007;1402118753;AMS;FRA;Frankfort aan de Main;DE
707;0;2014-06-07 05:25:54;8007;1402118754;AMS;FRA;Frankfort aan de Main;DE
707;4;2014-06-07 05:43:25;8007;1402119805;AMS;FRA;Frankfort aan de Main;DE
707;0;2014-06-07 05:43:37;8007;1402119817;AMS;FRA;Frankfort aan de Main;DE
707;0;2014-06-07 05:45:04;8007;1402119904;AMS;FRA;Frankfort aan de Main;DE
707;0;2014-06-07 05:45:05;8007;1402119905;AMS;FRA;Frankfort aan de Main;DE
707;0;2014-06-07 05:45:05;8007;1402119905;AMS;FRA;Frankfort aan de Main;DE
707;0;2014-06-07 05:45:09;8007;1402119909;AMS;FRA;Frankfort aan de Main;DE
707;0;2014-06-07 05:45:09;8007;1402119909;AMS;FRA;Frankfort aan de Main;DE
707;0;2014-06-07 05:47:19;8007;1402120039;AMS;FRA;Frankfort aan de Main;DE
707;0;2014-06-07 05:47:19;8007;1402120039;AMS;FRA;Frankfort aan de Main;DE
707;0;2014-06-07 05:47:22;8007;1402120042;AMS;FRA;Frankfort aan de Main;DE
707;0;2014-06-07 05:47:22;8007;1402120042;AMS;FRA;Frankfort aan de Main;DE
707;0;2014-06-07 05:47:26;8007;1402120046;AMS;FRA;Frankfort aan de Main;DE
707;0;2014-06-07 05:49:58;8007;1402120198;AMS;FRA;Frankfort aan de Main;DE
707;0;2014-06-07 05:52:17;8007;1402120337;AMS;FRA;Frankfort aan de Main;DE
707;0;2014-06-07 05:53:25;8007;1402120405;AMS;FRA;Frankfort aan de Main;DE
707;0;2014-06-07 05:53:25;8007;1402120405;AMS;FRA;Frankfort aan de Main;DE
707;2;2014-06-07 05:53:30;8007;1402120410;AMS;FRA;Frankfort aan de Main;DE
707;2;2014-06-07 05:53:30;8007;1402120410;AMS;FRA;Frankfort aan de Main;DE
707;22;2014-06-07 05:53:59;8007;1402120439;AMS;FRA;Frankfort aan de Main;DE
707;60;2014-06-07 05:59:01;8007;1402120741;AMS;FRA;Frankfort aan de Main;DE
707;84;2014-06-07 06:09:05;8007;1402121345;AMS;FRA;UNK;UNK
707;84;2014-06-07 06:14:07;8007;1402121647;AMS;FRA;UNK;UNK
707;90;2014-06-07 06:14:54;8007;1402121694;AMS;FRA;UNK;UNK
707;86;2014-06-07 06:15:10;8007;1402121710;AMS;FRA;UNK;UNK
707;80;2014-06-07 06:20:11;8007;1402122011;AMS;FRA;UNK;UNK
707;86;2014-06-07 06:25:12;8007;1402122312;AMS;FRA;UNK;UNK
707;90;2014-06-07 06:29:40;8007;1402122580;AMS;FRA;UNK;UNK
707;86;2014-06-07 06:29:44;8007;1402122584;AMS;FRA;UNK;UNK
707;90;2014-06-07 06:29:58;8007;1402122598;AMS;FRA;UNK;UNK
707;86;2014-06-07 06:30:22;8007;1402122622;AMS;FRA;UNK;UNK
707;90;2014-06-07 06:31:30;8007;1402122690;AMS;FRA;UNK;UNK
707;86;2014-06-07 06:31:45;8007;1402122705;AMS;FRA;UNK;UNK
707;90;2014-06-07 06:32:18;8007;1402122738;AMS;FRA;UNK;UNK
707;86;2014-06-07 06:32:45;8007;1402122765;AMS;FRA;UNK;UNK
707;90;2014-06-07 06:35:51;8007;1402122951;AMS;FRA;UNK;UNK
707;86;2014-06-07 06:36:08;8007;1402122968;AMS;FRA;UNK;UNK
707;90;2014-06-07 06:37:03;8007;1402123023;AMS;FRA;UNK;UNK
707;86;2014-06-07 06:37:16;8007;1402123036;AMS;FRA;UNK;UNK
707;90;2014-06-07 06:40:05;8007;1402123205;AMS;FRA;UNK;UNK
707;86;2014-06-07 06:40:25;8007;1402123225;AMS;FRA;UNK;UNK
707;90;2014-06-07 06:42:23;8007;1402123343;AMS;FRA;UNK;UNK
707;86;2014-06-07 06:42:48;8007;1402123368;AMS;FRA;UNK;UNK
707;90;2014-06-07 06:47:04;8007;1402123624;AMS;FRA;UNK;UNK
707;86;2014-06-07 06:47:30;8007;1402123650;AMS;FRA;UNK;UNK
707;86;2014-06-07 06:57:32;8007;1402124252;AMS;FRA;UNK;UNK
707;86;2014-06-07 07:07:33;8007;1402124853;AMS;FRA;UNK;UNK
707;88;2014-06-07 07:12:34;8007;1402125154;AMS;FRA;UNK;UNK
707;82;2014-06-07 07:17:35;8007;1402125455;AMS;FRA;UNK;UNK
707;90;2014-06-07 07:20:45;8007;1402125645;AMS;FRA;UNK;UNK
707;86;2014-06-07 07:21:11;8007;1402125671;AMS;FRA;UNK;UNK
707;90;2014-06-07 07:25:12;8007;1402125912;AMS;FRA;UNK;UNK
707;86;2014-06-07 07:25:52;8007;1402125952;AMS;FRA;UNK;UNK
707;90;2014-06-07 07:27:29;8007;1402126049;AMS;FRA;UNK;UNK
707;86;2014-06-07 07:28:49;8007;1402126129;AMS;FRA;UNK;UNK
707;90;2014-06-07 07:32:16;8007;1402126336;AMS;FRA;UNK;UNK
707;86;2014-06-07 07:32:34;8007;1402126354;AMS;FRA;UNK;UNK
707;90;2014-06-07 07:37:08;8007;1402126628;AMS;FRA;UNK;UNK
707;86;2014-06-07 07:37:16;8007;1402126636;AMS;FRA;UNK;UNK
707;90;2014-06-07 07:37:31;8007;1402126651;AMS;FRA;UNK;UNK
707;86;2014-06-07 07:38:31;8007;1402126711;AMS;FRA;UNK;UNK
707;90;2014-06-07 07:39:30;8007;1402126770;AMS;FRA;UNK;UNK
707;86;2014-06-07 07:40:09;8007;1402126809;AMS;FRA;UNK;UNK
707;90;2014-06-07 07:42:01;8007;1402126921;AMS;FRA;UNK;UNK
707;86;2014-06-07 07:42:22;8007;1402126942;AMS;FRA;UNK;UNK
707;90;2014-06-07 07:45:00;8007;1402127100;AMS;FRA;UNK;UNK
707;86;2014-06-07 07:46:53;8007;1402127213;AMS;FRA;UNK;UNK
707;86;2014-06-07 07:51:53;8007;1402127513;AMS;FRA;UNK;UNK
707;90;2014-06-07 07:52:41;8007;1402127561;AMS;FRA;UNK;UNK
707;86;2014-06-07 07:53:01;8007;1402127581;AMS;FRA;UNK;UNK
707;88;2014-06-07 07:58:02;8007;1402127882;AMS;FRA;UNK;UNK
707;88;2014-06-07 08:03:03;8007;1402128183;AMS;FRA;UNK;UNK
707;88;2014-06-07 08:08:03;8007;1402128483;AMS;FRA;UNK;UNK
707;88;2014-06-07 08:13:04;8007;1402128784;AMS;FRA;UNK;UNK
707;88;2014-06-07 08:18:05;8007;1402129085;AMS;FRA;UNK;UNK
707;90;2014-06-07 08:22:30;8007;1402129350;AMS;FRA;UNK;UNK
707;88;2014-06-07 08:25:30;8007;1402129530;AMS;FRA;UNK;UNK
707;90;2014-06-07 08:26:09;8007;1402129569;AMS;FRA;UNK;UNK
707;88;2014-06-07 08:29:10;8007;1402129750;AMS;FRA;UNK;UNK
707;90;2014-06-07 08:33:46;8007;1402130026;AMS;FRA;UNK;UNK
707;86;2014-06-07 08:35:53;8007;1402130153;AMS;FRA;UNK;UNK
707;90;2014-06-07 08:36:44;8007;1402130204;AMS;FRA;UNK;UNK
707;88;2014-06-07 08:39:44;8007;1402130384;AMS;FRA;UNK;UNK
707;90;2014-06-07 08:39:51;8007;1402130391;AMS;FRA;UNK;UNK
707;90;2014-06-07 08:41:59;8007;1402130519;AMS;FRA;UNK;UNK
707;90;2014-06-07 08:41:59;8007;1402130519;AMS;FRA;UNK;UNK
707;88;2014-06-07 08:42:51;8007;1402130571;AMS;FRA;UNK;UNK
707;90;2014-06-07 08:43:15;8007;1402130595;AMS;FRA;UNK;UNK
707;88;2014-06-07 08:44:08;8007;1402130648;AMS;FRA;UNK;UNK
707;88;2014-06-07 08:46:15;8007;1402130775;AMS;FRA;UNK;UNK
707;88;2014-06-07 08:51:16;8007;1402131076;AMS;FRA;UNK;UNK
707;90;2014-06-07 08:51:51;8007;1402131111;AMS;FRA;UNK;UNK
707;90;2014-06-07 08:54:52;8007;1402131292;AMS;FRA;UNK;UNK
707;0;2014-06-07 09:05:39;8007;1402131939;AMS;FRA;H??nxe;DE
707;0;2014-06-07 09:05:39;8007;1402131939;AMS;FRA;H??nxe;DE
707;0;2014-06-07 09:05:44;8007;1402131944;AMS;FRA;H??nxe;DE
707;0;2014-06-07 09:05:44;8007;1402131944;AMS;FRA;H??nxe;DE
707;0;2014-06-07 09:08:00;8007;1402132080;AMS;FRA;H??nxe;DE
707;0;2014-06-07 09:08:05;8007;1402132085;AMS;FRA;H??nxe;DE
707;0;2014-06-07 10:08:30;8007;1402135710;AMS;FRA;H??nxe;DE
707;0;2014-06-07 10:48:08;8007;1402138088;AMS;FRA;H??nxe;DE
707;0;2014-06-07 10:58:40;8007;1402138720;AMS;FRA;H??nxe;DE
707;0;2014-06-07 10:58:40;8007;1402138720;AMS;FRA;H??nxe;DE
707;0;2014-06-07 10:58:46;8007;1402138726;AMS;FRA;H??nxe;DE
707;0;2014-06-07 10:58:46;8007;1402138726;AMS;FRA;H??nxe;DE
707;26;2014-06-07 10:59:00;8007;1402138740;AMS;FRA;UNK;UNK
707;88;2014-06-07 11:09:05;8007;1402139345;AMS;FRA;UNK;UNK
707;88;2014-06-07 11:14:07;8007;1402139647;AMS;FRA;UNK;UNK
707;88;2014-06-07 11:19:09;8007;1402139949;AMS;FRA;UNK;UNK
707;88;2014-06-07 11:24:11;8007;1402140251;AMS;FRA;UNK;UNK
707;88;2014-06-07 11:24:11;8007;1402140251;AMS;FRA;UNK;UNK
707;88;2014-06-07 11:29:13;8007;1402140553;AMS;FRA;UNK;UNK
707;90;2014-06-07 11:34:15;8007;1402140855;AMS;FRA;UNK;UNK
707;84;2014-06-07 11:38:19;8007;1402141099;AMS;FRA;UNK;UNK
707;84;2014-06-07 11:40:58;8007;1402141258;AMS;FRA;UNK;UNK
707;82;2014-06-07 11:41:10;8007;1402141270;AMS;FRA;UNK;UNK
707;82;2014-06-07 11:45:59;8007;1402141559;AMS;FRA;UNK;UNK
707;84;2014-06-07 11:46:11;8007;1402141571;AMS;FRA;UNK;UNK
707;82;2014-06-07 11:51:00;8007;1402141860;AMS;FRA;UNK;UNK
707;82;2014-06-07 11:51:12;8007;1402141872;AMS;FRA;UNK;UNK
707;82;2014-06-07 11:56:02;8007;1402142162;AMS;FRA;UNK;UNK
707;82;2014-06-07 11:56:13;8007;1402142173;AMS;FRA;UNK;UNK
707;84;2014-06-07 12:01:03;8007;1402142463;AMS;FRA;UNK;UNK
707;82;2014-06-07 12:01:13;8007;1402142473;AMS;FRA;UNK;UNK
707;84;2014-06-07 12:06:04;8007;1402142764;AMS;FRA;UNK;UNK
707;82;2014-06-07 12:06:14;8007;1402142774;AMS;FRA;UNK;UNK
707;84;2014-06-07 12:11:05;8007;1402143065;AMS;FRA;UNK;UNK
707;82;2014-06-07 12:11:15;8007;1402143075;AMS;FRA;UNK;UNK
707;82;2014-06-07 12:16:05;8007;1402143365;AMS;FRA;UNK;UNK
707;46;2014-06-07 12:16:16;8007;1402143376;AMS;FRA;Luchthaven Schiphol;NL
707;0;2014-06-07 12:18:45;8007;1402143525;AMS;FRA;Luchthaven Schiphol;NL
707;0;2014-06-07 12:18:45;8007;1402143525;AMS;FRA;Luchthaven Schiphol;NL
707;0;2014-06-07 12:18:50;8007;1402143530;AMS;FRA;Luchthaven Schiphol;NL
707;0;2014-06-07 12:18:50;8007;1402143530;AMS;FRA;Luchthaven Schiphol;NL
707;0;2014-06-07 12:18:56;8007;1402143536;AMS;FRA;Luchthaven Schiphol;NL
707;0;2014-06-07 12:20:59;8007;1402143659;AMS;FRA;Luchthaven Schiphol;NL
707;82;2014-06-07 12:21:06;8007;1402143666;AMS;FRA;Luchthaven Schiphol;NL
707;84;2014-06-07 12:26:07;8007;1402143967;AMS;FRA;Luchthaven Schiphol;NL
707;82;2014-06-07 12:31:08;8007;1402144268;AMS;FRA;Luchthaven Schiphol;NL
707;0;2014-06-07 12:33:06;8007;1402144386;AMS;FRA;Luchthaven Schiphol;NL
707;0;2014-06-07 12:33:20;8007;1402144400;AMS;FRA;Luchthaven Schiphol;NL
707;0;2014-06-07 12:33:20;8007;1402144400;AMS;FRA;Luchthaven Schiphol;NL
707;0;2014-06-07 12:33:27;8007;1402144407;AMS;FRA;Luchthaven Schiphol;NL
707;0;2014-06-07 12:33:27;8007;1402144407;AMS;FRA;Luchthaven Schiphol;NL
707;22;2014-06-07 12:33:59;8007;1402144439;AMS;FRA;Luchthaven Schiphol;NL
707;0;2014-06-07 12:34:21;8007;1402144461;AMS;FRA;Luchthaven Schiphol;NL
707;0;2014-06-07 12:34:22;8007;1402144462;AMS;FRA;Luchthaven Schiphol;NL
707;0;2014-06-07 12:34:25;8007;1402144465;AMS;FRA;Luchthaven Schiphol;NL
707;0;2014-06-07 12:34:25;8007;1402144465;AMS;FRA;Luchthaven Schiphol;NL
707;0;2014-06-07 12:36:59;8007;1402144619;AMS;FRA;Luchthaven Schiphol;NL
707;0;2014-06-07 12:47:47;8007;1402145267;AMS;FRA;Luchthaven Schiphol;NL
707;0;2014-06-07 12:47:47;8007;1402145267;AMS;FRA;Luchthaven Schiphol;NL
707;2;2014-06-07 12:47:55;8007;1402145275;AMS;FRA;Luchthaven Schiphol;NL
707;2;2014-06-07 12:47:55;8007;1402145275;AMS;FRA;Luchthaven Schiphol;NL
707;0;2014-06-07 12:48:12;8007;1402145292;AMS;FRA;Luchthaven Schiphol;NL
707;0;2014-06-07 12:48:55;8007;1402145335;AMS;FRA;Luchthaven Schiphol;NL
707;0;2014-06-07 12:48:55;8007;1402145335;AMS;FRA;Luchthaven Schiphol;NL
707;0;2014-06-07 12:48:58;8007;1402145338;AMS;FRA;Luchthaven Schiphol;NL
707;0;2014-06-07 12:48:59;8007;1402145339;AMS;FRA;Luchthaven Schiphol;NL
707;0;2014-06-07 12:48:59;8007;1402145339;AMS;FRA;Luchthaven Schiphol;NL
707;0;2014-06-07 12:51:00;8007;1402145460;AMS;FRA;Luchthaven Schiphol;NL
707;0;2014-06-07 12:55:07;8007;1402145707;AMS;FRA;Luchthaven Schiphol;NL
707;0;2014-06-07 12:59:00;8007;1402145940;AMS;FRA;Luchthaven Schiphol;NL
707;0;2014-06-07 13:09:49;8007;1402146589;AMS;FRA;Luchthaven Schiphol;NL
707;0;2014-06-07 13:09:50;8007;1402146590;AMS;FRA;Luchthaven Schiphol;NL
707;0;2014-06-07 13:24:52;8007;1402147492;AMS;FRA;Luchthaven Schiphol;NL
707;0;2014-06-07 13:28:00;8007;1402147680;AMS;FRA;Luchthaven Schiphol;NL
707;0;2014-06-07 13:28:01;8007;1402147681;AMS;FRA;Luchthaven Schiphol;NL
707;0;2014-06-07 13:28:01;8007;1402147681;AMS;FRA;Luchthaven Schiphol;NL
707;0;2014-06-07 13:28:10;8007;1402147690;AMS;FRA;Luchthaven Schiphol;NL
707;0;2014-06-07 13:28:10;8007;1402147690;AMS;FRA;Luchthaven Schiphol;NL
707;0;2014-06-07 13:30:00;8007;1402147800;AMS;FRA;Luchthaven Schiphol;NL
707;0;2014-06-07 13:31:10;8007;1402147870;AMS;FRA;Luchthaven Schiphol;NL
707;0;2014-06-07 13:31:11;8007;1402147871;AMS;FRA;Luchthaven Schiphol;NL
707;0;2014-06-07 13:32:05;8007;1402147925;AMS;FRA;Luchthaven Schiphol;NL
707;0;2014-06-07 13:32:05;8007;1402147925;AMS;FRA;Luchthaven Schiphol;NL
707;0;2014-06-07 13:32:07;8007;1402147927;AMS;FRA;Luchthaven Schiphol;NL
707;0;2014-06-07 13:32:08;8007;1402147928;AMS;FRA;Luchthaven Schiphol;NL
707;0;2014-06-07 13:32:08;8007;1402147928;AMS;FRA;Luchthaven Schiphol;NL
707;2;2014-06-07 13:35:00;8007;1402148100;AMS;FRA;Luchthaven Schiphol;NL
707;0;2014-06-07 13:38:00;8007;1402148280;AMS;FRA;Luchthaven Schiphol;NL
707;0;2014-06-07 13:38:02;8007;1402148282;AMS;FRA;Luchthaven Schiphol;NL
707;0;2014-06-07 13:38:05;8007;1402148285;AMS;FRA;Luchthaven Schiphol;NL
707;0;2014-06-07 13:45:44;8007;1402148744;AMS;FRA;Luchthaven Schiphol;NL
707;0;2014-06-07 13:46:39;8007;1402148799;AMS;FRA;Luchthaven Schiphol;NL
707;0;2014-06-07 13:48:00;8007;1402148880;AMS;FRA;Luchthaven Schiphol;NL
707;0;2014-06-07 13:53:42;8007;1402149222;AMS;FRA;Luchthaven Schiphol;NL
707;0;2014-06-07 13:56:35;8007;1402149395;AMS;FRA;Luchthaven Schiphol;NL
707;0;2014-06-07 13:56:35;8007;1402149395;AMS;FRA;Luchthaven Schiphol;NL
707;0;2014-06-07 13:56:35;8007;1402149395;AMS;FRA;Luchthaven Schiphol;NL
708;0;2014-06-07 08:15:39;8001;1402128939;AMS;FRA;Frankfort aan de Main;DE
708;0;2014-06-07 08:15:39;8001;1402128939;AMS;FRA;Frankfort aan de Main;DE
708;0;2014-06-07 08:15:39;8001;1402128939;AMS;FRA;Frankfort aan de Main;DE
708;0;2014-06-07 08:18:16;8001;1402129096;AMS;FRA;Frankfort aan de Main;DE
708;2;2014-06-07 08:19:36;8001;1402129176;AMS;FRA;Frankfort aan de Main;DE
708;0;2014-06-07 08:22:11;8001;1402129331;AMS;FRA;Frankfort aan de Main;DE
708;0;2014-06-07 08:25:12;8001;1402129512;AMS;FRA;Frankfort aan de Main;DE
708;0;2014-06-07 08:26:25;8001;1402129585;AMS;FRA;Frankfort aan de Main;DE
708;0;2014-06-07 08:41:27;8001;1402130487;AMS;FRA;Frankfort aan de Main;DE
708;0;2014-06-07 08:42:12;8001;1402130532;AMS;FRA;Frankfort aan de Main;DE
708;0;2014-06-07 08:49:59;8001;1402130999;AMS;FRA;Frankfort aan de Main;DE
708;0;2014-06-07 08:51:25;8001;1402131085;AMS;FRA;Frankfort aan de Main;DE
708;0;2014-06-07 08:51:26;8001;1402131086;AMS;FRA;Frankfort aan de Main;DE
708;0;2014-06-07 08:51:26;8001;1402131086;AMS;FRA;Frankfort aan de Main;DE
708;0;2014-06-07 08:51:31;8001;1402131091;AMS;FRA;Frankfort aan de Main;DE
708;0;2014-06-07 08:51:31;8001;1402131091;AMS;FRA;Frankfort aan de Main;DE
708;0;2014-06-07 08:52:04;8001;1402131124;AMS;FRA;Frankfort aan de Main;DE
708;26;2014-06-07 08:54:06;8001;1402131246;AMS;FRA;Frankfort aan de Main;DE
708;90;2014-06-07 09:04:26;8001;1402131866;AMS;FRA;UNK;UNK
708;90;2014-06-07 09:06:12;8001;1402131972;AMS;FRA;UNK;UNK
708;86;2014-06-07 09:07:56;8001;1402132076;AMS;FRA;UNK;UNK
708;90;2014-06-07 09:13:02;8001;1402132382;AMS;FRA;UNK;UNK
708;92;2014-06-07 09:16:48;8001;1402132608;AMS;FRA;UNK;UNK
708;90;2014-06-07 09:19:49;8001;1402132789;AMS;FRA;UNK;UNK
708;90;2014-06-07 09:20:05;8001;1402132805;AMS;FRA;UNK;UNK
708;86;2014-06-07 09:22:53;8001;1402132973;AMS;FRA;UNK;UNK
708;90;2014-06-07 09:25:13;8001;1402133113;AMS;FRA;UNK;UNK
708;90;2014-06-07 09:28:14;8001;1402133294;AMS;FRA;UNK;UNK
708;90;2014-06-07 09:29:16;8001;1402133356;AMS;FRA;UNK;UNK
708;96;2014-06-07 09:32:22;8001;1402133542;AMS;FRA;UNK;UNK
708;86;2014-06-07 09:32:27;8001;1402133547;AMS;FRA;UNK;UNK
708;90;2014-06-07 09:36:21;8001;1402133781;AMS;FRA;UNK;UNK
708;90;2014-06-07 09:39:22;8001;1402133962;AMS;FRA;UNK;UNK
708;76;2014-06-07 09:40:10;8001;1402134010;AMS;FRA;UNK;UNK
708;90;2014-06-07 09:45:00;8001;1402134300;AMS;FRA;UNK;UNK
708;86;2014-06-07 09:47:44;8001;1402134464;AMS;FRA;UNK;UNK
708;90;2014-06-07 09:51:17;8001;1402134677;AMS;FRA;UNK;UNK
708;86;2014-06-07 09:53:19;8001;1402134799;AMS;FRA;UNK;UNK
708;90;2014-06-07 09:55:56;8001;1402134956;AMS;FRA;UNK;UNK
708;90;2014-06-07 09:58:57;8001;1402135137;AMS;FRA;UNK;UNK
708;90;2014-06-07 09:59:05;8001;1402135145;AMS;FRA;UNK;UNK
708;88;2014-06-07 10:04:10;8001;1402135450;AMS;FRA;UNK;UNK
708;90;2014-06-07 10:07:34;8001;1402135654;AMS;FRA;UNK;UNK
708;86;2014-06-07 10:08:48;8001;1402135728;AMS;FRA;UNK;UNK
708;90;2014-06-07 10:13:53;8001;1402136033;AMS;FRA;UNK;UNK
708;90;2014-06-07 10:13:55;8001;1402136035;AMS;FRA;UNK;UNK
708;86;2014-06-07 10:16:03;8001;1402136163;AMS;FRA;UNK;UNK
708;90;2014-06-07 10:18:02;8001;1402136282;AMS;FRA;UNK;UNK
708;86;2014-06-07 10:19:01;8001;1402136341;AMS;FRA;UNK;UNK
708;90;2014-06-07 10:23:20;8001;1402136600;AMS;FRA;UNK;UNK
708;92;2014-06-07 10:23:24;8001;1402136604;AMS;FRA;UNK;UNK
708;100;2014-06-07 10:24:44;8001;1402136684;AMS;FRA;UNK;UNK
708;86;2014-06-07 10:26:14;8001;1402136774;AMS;FRA;UNK;UNK
708;90;2014-06-07 10:26:42;8001;1402136802;AMS;FRA;UNK;UNK
708;90;2014-06-07 10:26:42;8001;1402136802;AMS;FRA;UNK;UNK
708;90;2014-06-07 10:29:46;8001;1402136986;AMS;FRA;UNK;UNK
708;90;2014-06-07 10:30:11;8001;1402137011;AMS;FRA;UNK;UNK
708;100;2014-06-07 10:31:55;8001;1402137115;AMS;FRA;UNK;UNK
708;90;2014-06-07 10:34:56;8001;1402137296;AMS;FRA;UNK;UNK
708;90;2014-06-07 10:36:49;8001;1402137409;AMS;FRA;UNK;UNK
708;90;2014-06-07 10:44:56;8001;1402137896;AMS;FRA;UNK;UNK
708;90;2014-06-07 10:47:48;8001;1402138068;AMS;FRA;UNK;UNK
708;90;2014-06-07 10:50:49;8001;1402138249;AMS;FRA;UNK;UNK
708;90;2014-06-07 10:54:26;8001;1402138466;AMS;FRA;UNK;UNK
708;96;2014-06-07 10:54:35;8001;1402138475;AMS;FRA;UNK;UNK
708;90;2014-06-07 11:04:48;8001;1402139088;AMS;FRA;UNK;UNK
708;90;2014-06-07 11:09:21;8001;1402139361;AMS;FRA;UNK;UNK
708;90;2014-06-07 11:14:11;8001;1402139651;AMS;FRA;UNK;UNK
708;90;2014-06-07 11:17:12;8001;1402139832;AMS;FRA;UNK;UNK
708;90;2014-06-07 11:17:12;8001;1402139832;AMS;FRA;UNK;UNK
708;90;2014-06-07 11:17:29;8001;1402139849;AMS;FRA;UNK;UNK
708;90;2014-06-07 11:20:31;8001;1402140031;AMS;FRA;UNK;UNK
708;96;2014-06-07 11:23:30;8001;1402140210;AMS;FRA;UNK;UNK
708;90;2014-06-07 11:26:30;8001;1402140390;AMS;FRA;UNK;UNK
708;90;2014-06-07 11:31:39;8001;1402140699;AMS;FRA;UNK;UNK
708;90;2014-06-07 11:35:20;8001;1402140920;AMS;FRA;UNK;UNK
708;90;2014-06-07 11:38:21;8001;1402141101;AMS;FRA;UNK;UNK
708;84;2014-06-07 11:42:10;8001;1402141330;AMS;FRA;UNK;UNK
708;88;2014-06-07 11:43:31;8001;1402141411;AMS;FRA;UNK;UNK
708;90;2014-06-07 11:44:58;8001;1402141498;AMS;FRA;UNK;UNK
708;84;2014-06-07 11:47:16;8001;1402141636;AMS;FRA;UNK;UNK
708;84;2014-06-07 11:47:16;8001;1402141636;AMS;FRA;UNK;UNK
708;90;2014-06-07 11:47:59;8001;1402141679;AMS;FRA;UNK;UNK
708;90;2014-06-07 11:51:12;8001;1402141872;AMS;FRA;UNK;UNK
708;84;2014-06-07 11:52:21;8001;1402141941;AMS;FRA;UNK;UNK
708;86;2014-06-07 11:52:38;8001;1402141958;AMS;FRA;UNK;UNK
708;84;2014-06-07 11:57:24;8001;1402142244;AMS;FRA;UNK;UNK
708;90;2014-06-07 11:57:42;8001;1402142262;AMS;FRA;UNK;UNK
708;84;2014-06-07 12:02:28;8001;1402142548;AMS;FRA;UNK;UNK
708;90;2014-06-07 12:02:47;8001;1402142567;AMS;FRA;UNK;UNK
708;84;2014-06-07 12:07:33;8001;1402142853;AMS;FRA;UNK;UNK
708;88;2014-06-07 12:07:51;8001;1402142871;AMS;FRA;UNK;UNK
708;0;2014-06-07 12:10:22;8001;1402143022;AMS;FRA;Overberg;NL
708;0;2014-06-07 12:10:22;8001;1402143022;AMS;FRA;Overberg;NL
708;0;2014-06-07 12:10:25;8001;1402143025;AMS;FRA;Overberg;NL
708;0;2014-06-07 12:10:25;8001;1402143025;AMS;FRA;Overberg;NL
708;0;2014-06-07 12:10:33;8001;1402143033;AMS;FRA;Overberg;NL
708;0;2014-06-07 12:11:46;8001;1402143106;AMS;FRA;Overberg;NL
708;90;2014-06-07 12:12:56;8001;1402143176;AMS;FRA;Overberg;NL
708;86;2014-06-07 12:18:00;8001;1402143480;AMS;FRA;Overberg;NL
708;90;2014-06-07 12:23:06;8001;1402143786;AMS;FRA;Overberg;NL
708;28;2014-06-07 12:27:32;8001;1402144052;AMS;FRA;Overberg;NL
708;34;2014-06-07 12:29:28;8001;1402144168;AMS;FRA;Overberg;NL
708;84;2014-06-07 12:34:34;8001;1402144474;AMS;FRA;Overberg;NL
708;84;2014-06-07 12:39:39;8001;1402144779;AMS;FRA;Overberg;NL
708;0;2014-06-07 12:42:26;8001;1402144946;AMS;FRA;Overberg;NL
708;0;2014-06-07 12:57:45;8001;1402145865;AMS;FRA;Overberg;NL
708;0;2014-06-07 12:57:45;8001;1402145865;AMS;FRA;Overberg;NL
708;0;2014-06-07 13:07:34;8001;1402146454;AMS;FRA;Overberg;NL
708;0;2014-06-07 13:07:52;8001;1402146472;AMS;FRA;Overberg;NL
708;0;2014-06-07 13:08:05;8001;1402146485;AMS;FRA;Overberg;NL
708;0;2014-06-07 13:08:48;8001;1402146528;AMS;FRA;Overberg;NL
708;0;2014-06-07 13:08:49;8001;1402146529;AMS;FRA;Overberg;NL
708;0;2014-06-07 13:08:49;8001;1402146529;AMS;FRA;Overberg;NL
708;2;2014-06-07 13:08:55;8001;1402146535;AMS;FRA;Overberg;NL
708;2;2014-06-07 13:08:55;8001;1402146535;AMS;FRA;Overberg;NL
708;30;2014-06-07 13:09:12;8001;1402146552;AMS;FRA;UNK;UNK
708;84;2014-06-07 13:14:16;8001;1402146856;AMS;FRA;UNK;UNK
708;84;2014-06-07 13:19:20;8001;1402147160;AMS;FRA;UNK;UNK
708;84;2014-06-07 13:24:24;8001;1402147464;AMS;FRA;UNK;UNK
708;84;2014-06-07 13:29:35;8001;1402147775;AMS;FRA;UNK;UNK
708;84;2014-06-07 13:34:46;8001;1402148086;AMS;FRA;UNK;UNK
708;84;2014-06-07 13:39:52;8001;1402148392;AMS;FRA;UNK;UNK
708;84;2014-06-07 13:44:55;8001;1402148695;AMS;FRA;UNK;UNK
708;84;2014-06-07 13:50:03;8001;1402149003;AMS;FRA;UNK;UNK
708;84;2014-06-07 13:54:16;8001;1402149256;AMS;FRA;UNK;UNK
708;80;2014-06-07 13:59:18;8001;1402149558;AMS;FRA;UNK;UNK
708;26;2014-06-07 14:04:19;8001;1402149859;AMS;FRA;Luchthaven Schiphol;NL
708;0;2014-06-07 14:06:54;8001;1402150014;AMS;FRA;Luchthaven Schiphol;NL
708;0;2014-06-07 14:06:54;8001;1402150014;AMS;FRA;Luchthaven Schiphol;NL
708;0;2014-06-07 14:06:54;8001;1402150014;AMS;FRA;Luchthaven Schiphol;NL
708;0;2014-06-07 14:09:08;8001;1402150148;AMS;FRA;Luchthaven Schiphol;NL
708;0;2014-06-07 14:24:09;8001;1402151049;AMS;FRA;Luchthaven Schiphol;NL
708;0;2014-06-07 14:30:09;8001;1402151409;AMS;FRA;Luchthaven Schiphol;NL
708;0;2014-06-07 14:30:30;8001;1402151430;AMS;FRA;Luchthaven Schiphol;NL
708;0;2014-06-07 14:34:47;8001;1402151687;AMS;FRA;Luchthaven Schiphol;NL
708;0;2014-06-07 14:34:51;8001;1402151691;AMS;FRA;Luchthaven Schiphol;NL
708;0;2014-06-07 14:34:51;8001;1402151691;AMS;FRA;Luchthaven Schiphol;NL
708;0;2014-06-07 14:37:08;8001;1402151828;AMS;FRA;Luchthaven Schiphol;NL
708;4;2014-06-07 14:42:27;8001;1402152147;AMS;FRA;Luchthaven Schiphol;NL
708;0;2014-06-07 14:42:33;8001;1402152153;AMS;FRA;Luchthaven Schiphol;NL
708;0;2014-06-07 14:47:00;8001;1402152420;AMS;FRA;Luchthaven Schiphol;NL
708;0;2014-06-07 14:47:10;8001;1402152430;AMS;FRA;Luchthaven Schiphol;NL
708;10;2014-06-07 14:47:12;8001;1402152432;AMS;FRA;Luchthaven Schiphol;NL
708;20;2014-06-07 14:47:21;8001;1402152441;AMS;FRA;Luchthaven Schiphol;NL
708;20;2014-06-07 14:47:21;8001;1402152441;AMS;FRA;Luchthaven Schiphol;NL
